platform,family,phase,ep,eplb,token,sessions,values_us,truth_median_us,truth_mean_us,min_session_us,max_session_us,spread_pct,stability,source_group,truth_method,notes
h100,ordinary_context,context,1,off,1,3,133.761;134.658;135.198,134.658,134.539,133.761,135.198,1.0671478857550327,stable,aic_covered_context_truth_supplement_20260725,torch_profiler_kernel_external_id_or_existing_mode_parser,AIC-covered truth supplement; wideep_generation token40 excluded because nsys event-node parser produced no valid truth.
h100,ordinary_context,context,1,off,2,3,249.472;250.496;250.721,250.496,250.2296666666667,249.472,250.72100000000003,0.4986107562595904,stable,aic_covered_context_truth_supplement_20260725,torch_profiler_kernel_external_id_or_existing_mode_parser,AIC-covered truth supplement; wideep_generation token40 excluded because nsys event-node parser produced no valid truth.
h100,ordinary_context,context,1,off,4,3,448.640;449.150;450.175,449.15,449.322,448.64,450.175,0.34,stable,three_modes_latest_20260723_plus_formal_small_token,torch_profiler_kernel_external_id_or_existing_mode_parser,
h100,ordinary_context,context,1,off,8,3,800.159;801.761;802.463,801.761,801.461,800.159,802.463,0.29,stable,three_modes_latest_20260723_plus_formal_small_token,torch_profiler_kernel_external_id_or_existing_mode_parser,
h100,ordinary_context,context,1,off,16,3,1320.030;1321.502;1321.792,1321.502,1321.108,1320.03,1321.792,0.1333331315427403,stable,aic_covered_context_truth_supplement_20260725,torch_profiler_kernel_external_id_or_existing_mode_parser,AIC-covered truth supplement; wideep_generation token40 excluded because nsys event-node parser produced no valid truth.
h100,ordinary_context,context,1,off,32,3,2046.845;2047.132;2047.199,2047.132,2047.059,2046.845,2047.199,0.02,stable,three_modes_latest_20260723_plus_formal_small_token,torch_profiler_kernel_external_id_or_existing_mode_parser,
h100,ordinary_context,context,1,off,64,3,2696.094;2696.445;2697.981,2696.445,2696.84,2696.094,2697.981,0.07,stable,three_modes_latest_20260723_plus_formal_small_token,torch_profiler_kernel_external_id_or_existing_mode_parser,
h100,ordinary_context,context,1,off,128,3,3309.532;3311.230;3311.773,3311.23,3310.845,3309.532,3311.773,0.07,stable,three_modes_latest_20260723_plus_formal_small_token,torch_profiler_kernel_external_id_or_existing_mode_parser,
h100,ordinary_context,context,1,off,512,3,3805.499;3805.792;3806.205,3805.792,3805.832,3805.499,3806.205,0.02,stable,three_modes_latest_20260723_plus_formal_small_token,torch_profiler_kernel_external_id_or_existing_mode_parser,
h100,ordinary_context,context,1,off,640,3,3830.462;3832.316;3834.716,3832.316,3832.498,3830.462,3834.716,0.11,stable,three_modes_latest_20260723_plus_formal_small_token,torch_profiler_kernel_external_id_or_existing_mode_parser,
h100,ordinary_context,context,1,off,896,3,3940.991;3945.979;3953.468,3945.979,3946.813,3940.991,3953.468,0.32,stable,three_modes_latest_20260723_plus_formal_small_token,torch_profiler_kernel_external_id_or_existing_mode_parser,
h100,ordinary_context,context,1,off,1536,3,4276.734;4277.660;4281.951,4277.66,4278.782,4276.734,4281.951,0.12,stable,three_modes_latest_20260723_plus_formal_small_token,torch_profiler_kernel_external_id_or_existing_mode_parser,
h100,ordinary_context,context,1,off,2048,3,4599.933;4604.028;4623.643,4604.028,4609.201,4599.933,4623.643,0.51,stable,three_modes_latest_20260723_plus_formal_small_token,torch_profiler_kernel_external_id_or_existing_mode_parser,
h100,ordinary_context,context,1,off,4096,3,6366.268;6432.606;6485.276,6432.606,6428.05,6366.268,6485.276,1.85,stable,three_modes_latest_20260723_plus_formal_small_token,torch_profiler_kernel_external_id_or_existing_mode_parser,
h100,ordinary_context,context,1,off,5120,3,7191.292;7378.204;7452.859,7378.204,7340.785,7191.292,7452.859,3.55,stable,three_modes_latest_20260723_plus_formal_small_token,torch_profiler_kernel_external_id_or_existing_mode_parser,
h100,ordinary_context,context,1,off,8192,3,10468.568;10557.917;10710.237,10557.917,10578.907,10468.568,10710.237,2.29,stable,three_modes_latest_20260723_plus_formal_small_token,torch_profiler_kernel_external_id_or_existing_mode_parser,
h100,ordinary_context,context,1,off,12288,3,15018.038;15068.792;15123.678,15068.792,15070.169,15018.038,15123.678,0.7,stable,three_modes_latest_20260723_plus_formal_small_token,torch_profiler_kernel_external_id_or_existing_mode_parser,
h100,ordinary_context,context,1,off,16384,3,18932.056;19152.155;19236.801,19152.155,19107.004,18932.056,19236.801,1.59,stable,three_modes_latest_20260723_plus_formal_small_token,torch_profiler_kernel_external_id_or_existing_mode_parser,
h100,ordinary_context,context,2,off,1,3,104.544;104.578;105.022,104.578,104.71466666666667,104.544,105.022,0.4570751018378708,stable,aic_covered_context_truth_supplement_20260725,torch_profiler_kernel_external_id_or_existing_mode_parser,AIC-covered truth supplement; wideep_generation token40 excluded because nsys event-node parser produced no valid truth.
h100,ordinary_context,context,2,off,2,3,195.073;195.682;196.096,195.682,195.617,195.073,196.096,0.522786970697354,stable,aic_covered_context_truth_supplement_20260725,torch_profiler_kernel_external_id_or_existing_mode_parser,AIC-covered truth supplement; wideep_generation token40 excluded because nsys event-node parser produced no valid truth.
h100,ordinary_context,context,2,off,4,3,257.536;258.080;259.297,258.08,258.304,257.536,259.297,0.68,stable,three_modes_latest_20260723_plus_formal_small_token,torch_profiler_kernel_external_id_or_existing_mode_parser,
h100,ordinary_context,context,2,off,8,3,492.160;492.482;493.184,492.482,492.609,492.16,493.184,0.21,stable,three_modes_latest_20260723_plus_formal_small_token,torch_profiler_kernel_external_id_or_existing_mode_parser,
h100,ordinary_context,context,2,off,16,3,715.617;716.481;718.048,716.481,716.7153333333332,715.6170000000001,718.048,0.3392972039732981,stable,aic_covered_context_truth_supplement_20260725,torch_profiler_kernel_external_id_or_existing_mode_parser,AIC-covered truth supplement; wideep_generation token40 excluded because nsys event-node parser produced no valid truth.
h100,ordinary_context,context,2,off,32,3,1131.873;1132.096;1132.321,1132.096,1132.097,1131.873,1132.321,0.04,stable,three_modes_latest_20260723_plus_formal_small_token,torch_profiler_kernel_external_id_or_existing_mode_parser,
h100,ordinary_context,context,2,off,64,3,1409.919;1410.210;1410.495,1410.21,1410.208,1409.919,1410.495,0.04,stable,three_modes_latest_20260723_plus_formal_small_token,torch_profiler_kernel_external_id_or_existing_mode_parser,
h100,ordinary_context,context,2,off,128,3,1743.038;1743.038;1745.503,1743.038,1743.86,1743.038,1745.503,0.14,stable,three_modes_latest_20260723_plus_formal_small_token,torch_profiler_kernel_external_id_or_existing_mode_parser,
h100,ordinary_context,context,2,off,512,3,1982.943;1983.709;1983.932,1983.709,1983.528,1982.943,1983.932,0.05,stable,three_modes_latest_20260723_plus_formal_small_token,torch_profiler_kernel_external_id_or_existing_mode_parser,
h100,ordinary_context,context,2,off,640,3,2012.191;2013.505;2015.905,2013.505,2013.867,2012.191,2015.905,0.18,stable,three_modes_latest_20260723_plus_formal_small_token,torch_profiler_kernel_external_id_or_existing_mode_parser,
h100,ordinary_context,context,2,off,896,3,2059.970;2060.067;2061.825,2060.067,2060.621,2059.97,2061.825,0.09,stable,three_modes_latest_20260723_plus_formal_small_token,torch_profiler_kernel_external_id_or_existing_mode_parser,
h100,ordinary_context,context,2,off,1536,3,2298.978;2303.295;2304.574,2303.295,2302.282,2298.978,2304.574,0.24,stable,three_modes_latest_20260723_plus_formal_small_token,torch_profiler_kernel_external_id_or_existing_mode_parser,
h100,ordinary_context,context,2,off,2048,3,2495.934;2500.642;2503.039,2500.642,2499.872,2495.934,2503.039,0.28,stable,three_modes_latest_20260723_plus_formal_small_token,torch_profiler_kernel_external_id_or_existing_mode_parser,
h100,ordinary_context,context,2,off,4096,3,3490.620;3491.261;3492.223,3491.261,3491.368,3490.62,3492.223,0.05,stable,three_modes_latest_20260723_plus_formal_small_token,torch_profiler_kernel_external_id_or_existing_mode_parser,
h100,ordinary_context,context,2,off,5120,3,4061.887;4066.718;4068.060,4066.718,4065.555,4061.887,4068.06,0.15,stable,three_modes_latest_20260723_plus_formal_small_token,torch_profiler_kernel_external_id_or_existing_mode_parser,
h100,ordinary_context,context,2,off,8192,3,5774.500;5795.294;5827.582,5795.294,5799.125,5774.5,5827.582,0.92,stable,three_modes_latest_20260723_plus_formal_small_token,torch_profiler_kernel_external_id_or_existing_mode_parser,
h100,ordinary_context,context,2,off,12288,3,7961.566;8206.589;8217.213,8206.589,8128.456,7961.566,8217.213,3.12,stable,three_modes_latest_20260723_plus_formal_small_token,torch_profiler_kernel_external_id_or_existing_mode_parser,
h100,ordinary_context,context,2,off,16384,3,10868.158;10884.123;11073.916,10884.123,10942.066,10868.158,11073.916,1.89,stable,three_modes_latest_20260723_plus_formal_small_token,torch_profiler_kernel_external_id_or_existing_mode_parser,
h100,ordinary_context,context,2,on,1,3,112.960;113.184;113.279,113.184,113.141,112.96,113.279,0.2818419564602794,stable,aic_covered_context_truth_supplement_20260725,torch_profiler_kernel_external_id_or_existing_mode_parser,AIC-covered truth supplement; wideep_generation token40 excluded because nsys event-node parser produced no valid truth.
h100,ordinary_context,context,2,on,2,3,203.328;204.224;204.637,204.224,204.063,203.32800000000003,204.637,0.6409628643058451,stable,aic_covered_context_truth_supplement_20260725,torch_profiler_kernel_external_id_or_existing_mode_parser,AIC-covered truth supplement; wideep_generation token40 excluded because nsys event-node parser produced no valid truth.
h100,ordinary_context,context,2,on,4,3,265.889;266.818;267.264,266.818,266.657,265.889,267.264,0.52,stable,three_modes_latest_20260723_plus_formal_small_token,torch_profiler_kernel_external_id_or_existing_mode_parser,
h100,ordinary_context,context,2,on,8,3,498.336;501.214;502.592,501.214,500.714,498.336,502.592,0.85,stable,three_modes_latest_20260723_plus_formal_small_token,torch_profiler_kernel_external_id_or_existing_mode_parser,
h100,ordinary_context,context,2,on,16,3,724.510;724.703;725.760,724.7030000000001,724.991,724.51,725.76,0.172484452251474,stable,aic_covered_context_truth_supplement_20260725,torch_profiler_kernel_external_id_or_existing_mode_parser,AIC-covered truth supplement; wideep_generation token40 excluded because nsys event-node parser produced no valid truth.
h100,ordinary_context,context,2,on,32,3,1142.083;1142.527;1143.300,1142.527,1142.637,1142.083,1143.3,0.11,stable,three_modes_latest_20260723_plus_formal_small_token,torch_profiler_kernel_external_id_or_existing_mode_parser,
h100,ordinary_context,context,2,on,64,3,1421.377;1422.848;1423.266,1422.848,1422.497,1421.377,1423.266,0.13,stable,three_modes_latest_20260723_plus_formal_small_token,torch_profiler_kernel_external_id_or_existing_mode_parser,
h100,ordinary_context,context,2,on,128,3,1752.063;1754.721;1755.454,1754.721,1754.079,1752.063,1755.454,0.19,stable,three_modes_latest_20260723_plus_formal_small_token,torch_profiler_kernel_external_id_or_existing_mode_parser,
h100,ordinary_context,context,2,on,512,3,1995.264;1996.511;1997.597,1996.511,1996.457,1995.264,1997.597,0.12,stable,three_modes_latest_20260723_plus_formal_small_token,torch_profiler_kernel_external_id_or_existing_mode_parser,
h100,ordinary_context,context,2,on,640,3,2024.610;2026.113;2027.456,2026.113,2026.06,2024.61,2027.456,0.14,stable,three_modes_latest_20260723_plus_formal_small_token,torch_profiler_kernel_external_id_or_existing_mode_parser,
h100,ordinary_context,context,2,on,896,3,2076.291;2080.096;2081.729,2080.096,2079.372,2076.291,2081.729,0.26,stable,three_modes_latest_20260723_plus_formal_small_token,torch_profiler_kernel_external_id_or_existing_mode_parser,
h100,ordinary_context,context,2,on,1536,3,2316.671;2319.197;2327.361,2319.197,2321.076,2316.671,2327.361,0.46,stable,three_modes_latest_20260723_plus_formal_small_token,torch_profiler_kernel_external_id_or_existing_mode_parser,
h100,ordinary_context,context,2,on,2048,3,2512.258;2519.712;2523.550,2519.712,2518.507,2512.258,2523.55,0.45,stable,three_modes_latest_20260723_plus_formal_small_token,torch_profiler_kernel_external_id_or_existing_mode_parser,
h100,ordinary_context,context,2,on,4096,3,3515.101;3515.870;3522.591,3515.87,3517.854,3515.101,3522.591,0.21,stable,three_modes_latest_20260723_plus_formal_small_token,torch_profiler_kernel_external_id_or_existing_mode_parser,
h100,ordinary_context,context,2,on,5120,3,4087.326;4090.367;4093.279,4090.367,4090.324,4087.326,4093.279,0.15,stable,three_modes_latest_20260723_plus_formal_small_token,torch_profiler_kernel_external_id_or_existing_mode_parser,
h100,ordinary_context,context,2,on,8192,3,5823.554;5830.465;5830.913,5830.465,5828.311,5823.554,5830.913,0.13,stable,three_modes_latest_20260723_plus_formal_small_token,torch_profiler_kernel_external_id_or_existing_mode_parser,
h100,ordinary_context,context,2,on,12288,3,8199.464;8204.898;8341.661,8204.898,8248.674,8199.464,8341.661,1.73,stable,three_modes_latest_20260723_plus_formal_small_token,torch_profiler_kernel_external_id_or_existing_mode_parser,
h100,ordinary_context,context,2,on,16384,3,10958.970;11090.591;11137.342,11090.591,11062.301,10958.97,11137.342,1.61,stable,three_modes_latest_20260723_plus_formal_small_token,torch_profiler_kernel_external_id_or_existing_mode_parser,
h100,ordinary_context,context,4,off,1,3,87.264;87.968;88.320,87.968,87.85066666666667,87.264,88.32,1.2101210121012065,stable,h100_ep4_context_supplement_20260726,torch_profiler_kernel_external_id_rankmax_layer_median_session_median,h100 four-card EP4 supplement
h100,ordinary_context,context,4,off,2,3,116.162;116.289;116.864,116.289,116.43833333333336,116.162,116.864,0.6043284378712377,stable,h100_ep4_context_supplement_20260726,torch_profiler_kernel_external_id_rankmax_layer_median_session_median,h100 four-card EP4 supplement
h100,ordinary_context,context,4,off,4,3,196.258;198.045;198.177,198.045,197.493,196.258,198.177,0.97,stable,three_modes_latest_20260723_plus_formal_small_token,torch_profiler_kernel_external_id_or_existing_mode_parser,
h100,ordinary_context,context,4,off,8,3,315.841;316.097;316.926,316.097,316.288,315.841,316.926,0.34,stable,three_modes_latest_20260723_plus_formal_small_token,torch_profiler_kernel_external_id_or_existing_mode_parser,
h100,ordinary_context,context,4,off,16,3,422.432;422.560;422.783,422.56,422.5916666666667,422.432,422.7830000000001,0.0830902961896917,stable,h100_ep4_context_supplement_20260726,torch_profiler_kernel_external_id_rankmax_layer_median_session_median,h100 four-card EP4 supplement
h100,ordinary_context,context,4,off,32,3,682.370;683.520;684.288,683.52,683.393,682.37,684.288,0.28,stable,three_modes_latest_20260723_plus_formal_small_token,torch_profiler_kernel_external_id_or_existing_mode_parser,
h100,ordinary_context,context,4,off,64,3,790.817;792.129;793.443,792.129,792.13,790.817,793.443,0.33,stable,three_modes_latest_20260723_plus_formal_small_token,torch_profiler_kernel_external_id_or_existing_mode_parser,
h100,ordinary_context,context,4,off,128,3,934.080;934.498;936.737,934.498,935.105,934.08,936.737,0.28,stable,three_modes_latest_20260723_plus_formal_small_token,torch_profiler_kernel_external_id_or_existing_mode_parser,
h100,ordinary_context,context,4,off,512,3,1060.417;1060.638;1061.759,1060.638,1060.938,1060.417,1061.759,0.13,stable,three_modes_latest_20260723_plus_formal_small_token,torch_profiler_kernel_external_id_or_existing_mode_parser,
h100,ordinary_context,context,4,off,640,3,1090.082;1091.743;1094.816,1091.743,1092.214,1090.082,1094.816,0.43,stable,three_modes_latest_20260723_plus_formal_small_token,torch_profiler_kernel_external_id_or_existing_mode_parser,
h100,ordinary_context,context,4,off,896,3,1137.985;1140.704;1141.313,1140.704,1140.001,1137.985,1141.313,0.29,stable,three_modes_latest_20260723_plus_formal_small_token,torch_profiler_kernel_external_id_or_existing_mode_parser,
h100,ordinary_context,context,4,off,1536,3,1321.854;1322.368;1322.722,1322.368,1322.315,1321.854,1322.722,0.07,stable,three_modes_latest_20260723_plus_formal_small_token,torch_profiler_kernel_external_id_or_existing_mode_parser,
h100,ordinary_context,context,4,off,2048,3,1457.470;1461.600;1463.296,1461.6,1460.789,1457.47,1463.296,0.4,stable,three_modes_latest_20260723_plus_formal_small_token,torch_profiler_kernel_external_id_or_existing_mode_parser,
h100,ordinary_context,context,4,off,4096,3,2141.379;2142.338;2142.787,2142.338,2142.168,2141.379,2142.787,0.07,stable,three_modes_latest_20260723_plus_formal_small_token,torch_profiler_kernel_external_id_or_existing_mode_parser,
h100,ordinary_context,context,4,off,5120,3,2533.472;2535.717;2544.737,2535.717,2537.975,2533.472,2544.737,0.44,stable,three_modes_latest_20260723_plus_formal_small_token,torch_profiler_kernel_external_id_or_existing_mode_parser,
h100,ordinary_context,context,4,off,8192,3,3689.091;3699.010;3699.812,3699.01,3695.971,3689.091,3699.812,0.29,stable,three_modes_latest_20260723_plus_formal_small_token,torch_profiler_kernel_external_id_or_existing_mode_parser,
h100,ordinary_context,context,4,off,12288,3,5253.574;5256.485;5291.716,5256.485,5267.258,5253.574,5291.716,0.73,stable,three_modes_latest_20260723_plus_formal_small_token,torch_profiler_kernel_external_id_or_existing_mode_parser,
h100,ordinary_context,context,4,off,16384,3,7088.327;7102.151;7116.196,7102.151,7102.225,7088.327,7116.196,0.39,stable,three_modes_latest_20260723_plus_formal_small_token,torch_profiler_kernel_external_id_or_existing_mode_parser,
h100,ordinary_context,context,4,on,1,3,96.381;96.417;96.609,96.417,96.469,96.381,96.609,0.236561147944081,stable,h100_ep4_context_supplement_20260726,torch_profiler_kernel_external_id_rankmax_layer_median_session_median,h100 four-card EP4 supplement
h100,ordinary_context,context,4,on,2,3,124.959;125.311;125.376,125.311,125.21533333333332,124.959,125.376,0.3337094567017917,stable,h100_ep4_context_supplement_20260726,torch_profiler_kernel_external_id_rankmax_layer_median_session_median,h100 four-card EP4 supplement
h100,ordinary_context,context,4,on,4,3,206.304;206.975;207.136,206.975,206.805,206.304,207.136,0.4,stable,three_modes_latest_20260723_plus_formal_small_token,torch_profiler_kernel_external_id_or_existing_mode_parser,
h100,ordinary_context,context,4,on,8,3,323.168;323.684;323.935,323.684,323.596,323.168,323.935,0.24,stable,three_modes_latest_20260723_plus_formal_small_token,torch_profiler_kernel_external_id_or_existing_mode_parser,
h100,ordinary_context,context,4,on,16,3,431.388;431.424;431.488,431.424,431.4333333333333,431.388,431.48800000000006,0.0231809878809885,stable,h100_ep4_context_supplement_20260726,torch_profiler_kernel_external_id_rankmax_layer_median_session_median,h100 four-card EP4 supplement
h100,ordinary_context,context,4,on,32,3,692.576;692.706;693.311,692.706,692.864,692.576,693.311,0.11,stable,three_modes_latest_20260723_plus_formal_small_token,torch_profiler_kernel_external_id_or_existing_mode_parser,
h100,ordinary_context,context,4,on,64,3,803.776;804.063;804.544,804.063,804.128,803.776,804.544,0.1,stable,three_modes_latest_20260723_plus_formal_small_token,torch_profiler_kernel_external_id_or_existing_mode_parser,
h100,ordinary_context,context,4,on,128,3,944.481;944.801;945.859,944.801,945.047,944.481,945.859,0.15,stable,three_modes_latest_20260723_plus_formal_small_token,torch_profiler_kernel_external_id_or_existing_mode_parser,
h100,ordinary_context,context,4,on,512,3,1075.553;1077.377;1077.536,1077.377,1076.822,1075.553,1077.536,0.18,stable,three_modes_latest_20260723_plus_formal_small_token,torch_profiler_kernel_external_id_or_existing_mode_parser,
h100,ordinary_context,context,4,on,640,3,1102.944;1103.329;1104.761,1103.329,1103.678,1102.944,1104.761,0.16,stable,three_modes_latest_20260723_plus_formal_small_token,torch_profiler_kernel_external_id_or_existing_mode_parser,
h100,ordinary_context,context,4,on,896,3,1154.175;1154.242;1154.816,1154.242,1154.411,1154.175,1154.816,0.06,stable,three_modes_latest_20260723_plus_formal_small_token,torch_profiler_kernel_external_id_or_existing_mode_parser,
h100,ordinary_context,context,4,on,1536,3,1334.022;1334.050;1335.584,1334.05,1334.552,1334.022,1335.584,0.12,stable,three_modes_latest_20260723_plus_formal_small_token,torch_profiler_kernel_external_id_or_existing_mode_parser,
h100,ordinary_context,context,4,on,2048,3,1469.600;1472.320;1474.209,1472.32,1472.043,1469.6,1474.209,0.31,stable,three_modes_latest_20260723_plus_formal_small_token,torch_profiler_kernel_external_id_or_existing_mode_parser,
h100,ordinary_context,context,4,on,4096,3,2149.154;2154.241;2156.927,2154.241,2153.441,2149.154,2156.927,0.36,stable,three_modes_latest_20260723_plus_formal_small_token,torch_profiler_kernel_external_id_or_existing_mode_parser,
h100,ordinary_context,context,4,on,5120,3,2558.177;2558.912;2559.654,2558.912,2558.914,2558.177,2559.654,0.06,stable,three_modes_latest_20260723_plus_formal_small_token,torch_profiler_kernel_external_id_or_existing_mode_parser,
h100,ordinary_context,context,4,on,8192,3,3708.358;3709.892;3710.630,3709.892,3709.627,3708.358,3710.63,0.06,stable,three_modes_latest_20260723_plus_formal_small_token,torch_profiler_kernel_external_id_or_existing_mode_parser,
h100,ordinary_context,context,4,on,12288,3,5284.835;5295.939;5306.949,5295.939,5295.908,5284.835,5306.949,0.42,stable,three_modes_latest_20260723_plus_formal_small_token,torch_profiler_kernel_external_id_or_existing_mode_parser,
h100,ordinary_context,context,4,on,16384,3,7021.894;7061.223;7076.168,7061.223,7053.095,7021.894,7076.168,0.77,stable,three_modes_latest_20260723_plus_formal_small_token,torch_profiler_kernel_external_id_or_existing_mode_parser,
h100,ordinary_generation,generation,1,off,1,3,134.731;134.795;134.933,134.79500000000002,134.81955555555555,134.73066666666665,134.933,0.1500771401445292,stable,ordinary_generation_small_token_truth_20260725_formal,kernel_external_id_local_generation_scope,20260725 H100 four-GPU rerun; replaces 20260724 small-token ordinary_generation rows
h100,ordinary_generation,generation,1,off,2,3,230.613;231.189;231.649,231.1893333333333,231.1505555555556,230.6133333333333,231.649,0.4480485301787516,stable,ordinary_generation_small_token_truth_20260725_formal,kernel_external_id_local_generation_scope,20260725 H100 four-GPU rerun; replaces 20260724 small-token ordinary_generation rows
h100,ordinary_generation,generation,1,off,4,3,423.882;424.266;425.375,424.26633333333336,424.5078888888889,423.882,425.3753333333333,0.3517798779292295,stable,ordinary_generation_small_token_truth_20260725_formal,kernel_external_id_local_generation_scope,20260725 H100 four-GPU rerun; replaces 20260724 small-token ordinary_generation rows
h100,ordinary_generation,generation,1,off,8,3,655.904;656.831;658.142,656.831,656.959,655.904,658.142,0.34,stable,three_modes_latest_20260723_plus_formal_small_token,torch_profiler_kernel_external_id_or_existing_mode_parser,
h100,ordinary_generation,generation,1,off,16,3,1075.583;1076.244;1077.300,1076.244333333333,1076.3756666666666,1075.582666666667,1077.3,0.1595477663157607,stable,ordinary_generation_small_token_truth_20260725_formal,kernel_external_id_local_generation_scope,20260725 H100 four-GPU rerun; replaces 20260724 small-token ordinary_generation rows
h100,ordinary_generation,generation,1,off,32,3,1445.279;1445.567;1445.886,1445.567,1445.577,1445.279,1445.886,0.04,stable,three_modes_latest_20260723_plus_formal_small_token,torch_profiler_kernel_external_id_or_existing_mode_parser,
h100,ordinary_generation,generation,1,off,40,3,1705.886;1707.231;1707.775,1707.231,1706.964,1705.886,1707.775,0.11,stable,three_modes_latest_20260723_plus_formal_small_token,torch_profiler_kernel_external_id_or_existing_mode_parser,
h100,ordinary_generation,generation,1,off,64,3,2183.167;2183.937;2184.445,2183.937,2183.85,2183.167,2184.445,0.06,stable,three_modes_latest_20260723_plus_formal_small_token,torch_profiler_kernel_external_id_or_existing_mode_parser,
h100,ordinary_generation,generation,1,off,128,3,2526.204;2526.206;2528.158,2526.206,2526.856,2526.204,2528.158,0.08,stable,three_modes_latest_20260723_plus_formal_small_token,torch_profiler_kernel_external_id_or_existing_mode_parser,
h100,ordinary_generation,generation,1,off,288,3,3254.623;3255.812;3257.246,3255.812,3255.894,3254.623,3257.246,0.08,stable,three_modes_latest_20260723_plus_formal_small_token,torch_profiler_kernel_external_id_or_existing_mode_parser,
h100,ordinary_generation,generation,1,off,512,3,3525.535;3531.455;3532.062,3531.455,3529.684,3525.535,3532.062,0.18,stable,three_modes_latest_20260723_plus_formal_small_token,torch_profiler_kernel_external_id_or_existing_mode_parser,
h100,ordinary_generation,generation,1,off,896,3,3101.312;3107.329;3109.149,3107.329,3105.93,3101.312,3109.149,0.25,stable,three_modes_latest_20260723_plus_formal_small_token,torch_profiler_kernel_external_id_or_existing_mode_parser,
h100,ordinary_generation,generation,1,off,1024,3,3977.948;3984.541;3988.190,3984.541,3983.56,3977.948,3988.19,0.26,stable,three_modes_latest_20260723_plus_formal_small_token,torch_profiler_kernel_external_id_or_existing_mode_parser,
h100,ordinary_generation,generation,1,off,1280,3,3989.984;4000.093;4007.807,4000.093,3999.295,3989.984,4007.807,0.45,stable,three_modes_latest_20260723_plus_formal_small_token,torch_profiler_kernel_external_id_or_existing_mode_parser,
h100,ordinary_generation,generation,1,off,4096,3,4570.525;4572.413;4580.350,4572.413,4574.429,4570.525,4580.35,0.21,stable,three_modes_latest_20260723_plus_formal_small_token,torch_profiler_kernel_external_id_or_existing_mode_parser,
h100,ordinary_generation,generation,1,off,8192,3,4535.937;4539.026;4561.949,4539.026,4545.637,4535.937,4561.949,0.57,stable,three_modes_latest_20260723_plus_formal_small_token,torch_profiler_kernel_external_id_or_existing_mode_parser,
h100,ordinary_generation,generation,1,off,16384,3,4581.279;4600.671;4615.840,4600.671,4599.263,4581.279,4615.84,0.75,stable,three_modes_latest_20260723_plus_formal_small_token,torch_profiler_kernel_external_id_or_existing_mode_parser,
h100,ordinary_generation,generation,2,off,1,3,109.067;109.089;109.344,109.089,109.16688888888888,109.06733333333334,109.34433333333334,0.2537399414963032,stable,ordinary_generation_small_token_truth_20260725_formal,kernel_external_id_local_generation_scope,20260725 H100 four-GPU rerun; replaces 20260724 small-token ordinary_generation rows
h100,ordinary_generation,generation,2,off,2,3,177.237;177.280;178.250,177.28033333333332,177.58899999999997,177.23666666666665,178.25,0.5706059121529767,stable,ordinary_generation_small_token_truth_20260725_formal,kernel_external_id_local_generation_scope,20260725 H100 four-GPU rerun; replaces 20260724 small-token ordinary_generation rows
h100,ordinary_generation,generation,2,off,4,3,253.408;254.901;255.008,254.90133333333333,254.43922222222216,253.408,255.00833333333333,0.6289648739515636,stable,ordinary_generation_small_token_truth_20260725_formal,kernel_external_id_local_generation_scope,20260725 H100 four-GPU rerun; replaces 20260724 small-token ordinary_generation rows
h100,ordinary_generation,generation,2,off,8,3,447.009;447.328;448.256,447.328,447.531,447.009,448.256,0.28,stable,three_modes_latest_20260723_plus_formal_small_token,torch_profiler_kernel_external_id_or_existing_mode_parser,
h100,ordinary_generation,generation,2,off,16,3,607.178;607.350;608.246,607.3496666666666,607.5913333333333,607.178,608.2463333333333,0.1758309038860447,stable,ordinary_generation_small_token_truth_20260725_formal,kernel_external_id_local_generation_scope,20260725 H100 four-GPU rerun; replaces 20260724 small-token ordinary_generation rows
h100,ordinary_generation,generation,2,off,32,3,906.400;907.361;907.585,907.361,907.115,906.4,907.585,0.13,stable,three_modes_latest_20260723_plus_formal_small_token,torch_profiler_kernel_external_id_or_existing_mode_parser,
h100,ordinary_generation,generation,2,off,40,3,1009.697;1011.872;1011.939,1011.872,1011.169,1009.697,1011.939,0.22,stable,three_modes_latest_20260723_plus_formal_small_token,torch_profiler_kernel_external_id_or_existing_mode_parser,
h100,ordinary_generation,generation,2,off,64,3,1131.167;1133.121;1133.632,1133.121,1132.64,1131.167,1133.632,0.22,stable,three_modes_latest_20260723_plus_formal_small_token,torch_profiler_kernel_external_id_or_existing_mode_parser,
h100,ordinary_generation,generation,2,off,128,3,1327.073;1327.456;1328.289,1327.456,1327.606,1327.073,1328.289,0.09,stable,three_modes_latest_20260723_plus_formal_small_token,torch_profiler_kernel_external_id_or_existing_mode_parser,
h100,ordinary_generation,generation,2,off,288,3,1681.052;1682.785;1684.800,1682.785,1682.879,1681.052,1684.8,0.22,stable,three_modes_latest_20260723_plus_formal_small_token,torch_profiler_kernel_external_id_or_existing_mode_parser,
h100,ordinary_generation,generation,2,off,512,3,1924.382;1925.440;1926.623,1925.44,1925.482,1924.382,1926.623,0.12,stable,three_modes_latest_20260723_plus_formal_small_token,torch_profiler_kernel_external_id_or_existing_mode_parser,
h100,ordinary_generation,generation,2,off,896,3,1689.919;1690.687;1692.478,1690.687,1691.028,1689.919,1692.478,0.15,stable,three_modes_latest_20260723_plus_formal_small_token,torch_profiler_kernel_external_id_or_existing_mode_parser,
h100,ordinary_generation,generation,2,off,1024,3,2076.607;2077.695;2078.627,2077.695,2077.643,2076.607,2078.627,0.1,stable,three_modes_latest_20260723_plus_formal_small_token,torch_profiler_kernel_external_id_or_existing_mode_parser,
h100,ordinary_generation,generation,2,off,1280,3,2139.679;2142.013;2150.658,2142.013,2144.117,2139.679,2150.658,0.51,stable,three_modes_latest_20260723_plus_formal_small_token,torch_profiler_kernel_external_id_or_existing_mode_parser,
h100,ordinary_generation,generation,2,off,4096,3,3475.423;3477.055;3486.749,3477.055,3479.742,3475.423,3486.749,0.33,stable,three_modes_latest_20260723_plus_formal_small_token,torch_profiler_kernel_external_id_or_existing_mode_parser,
h100,ordinary_generation,generation,2,off,8192,3,3468.672;3470.271;3473.246,3470.271,3470.73,3468.672,3473.246,0.13,stable,three_modes_latest_20260723_plus_formal_small_token,torch_profiler_kernel_external_id_or_existing_mode_parser,
h100,ordinary_generation,generation,2,off,16384,3,3562.655;3563.422;3564.254,3563.422,3563.444,3562.655,3564.254,0.04,stable,three_modes_latest_20260723_plus_formal_small_token,torch_profiler_kernel_external_id_or_existing_mode_parser,
h100,ordinary_generation,generation,2,on,1,3,116.961;117.195;117.377,117.19466666666666,117.17744444444445,116.961,117.37666666666668,0.3547326609121899,stable,ordinary_generation_small_token_truth_20260725_formal,kernel_external_id_local_generation_scope,20260725 H100 four-GPU rerun; replaces 20260724 small-token ordinary_generation rows
h100,ordinary_generation,generation,2,on,2,3,185.515;185.728;186.475,185.72833333333327,185.906,185.51466666666667,186.475,0.5165693056347423,stable,ordinary_generation_small_token_truth_20260725_formal,kernel_external_id_local_generation_scope,20260725 H100 four-GPU rerun; replaces 20260724 small-token ordinary_generation rows
h100,ordinary_generation,generation,2,on,4,3,262.562;263.287;263.798,263.2866666666667,263.2154444444445,262.562,263.79766666666666,0.4694506696879831,stable,ordinary_generation_small_token_truth_20260725_formal,kernel_external_id_local_generation_scope,20260725 H100 four-GPU rerun; replaces 20260724 small-token ordinary_generation rows
h100,ordinary_generation,generation,2,on,8,3,455.712;455.999;456.543,455.999,456.085,455.712,456.543,0.18,stable,three_modes_latest_20260723_plus_formal_small_token,torch_profiler_kernel_external_id_or_existing_mode_parser,
h100,ordinary_generation,generation,2,on,16,3,616.479;617.161;617.430,617.1613333333333,617.0236666666666,616.4793333333333,617.4303333333334,0.1541269891862638,stable,ordinary_generation_small_token_truth_20260725_formal,kernel_external_id_local_generation_scope,20260725 H100 four-GPU rerun; replaces 20260724 small-token ordinary_generation rows
h100,ordinary_generation,generation,2,on,32,3,916.510;917.280;917.315,917.28,917.035,916.51,917.315,0.09,stable,three_modes_latest_20260723_plus_formal_small_token,torch_profiler_kernel_external_id_or_existing_mode_parser,
h100,ordinary_generation,generation,2,on,40,3,1022.238;1022.274;1023.199,1022.274,1022.57,1022.238,1023.199,0.09,stable,three_modes_latest_20260723_plus_formal_small_token,torch_profiler_kernel_external_id_or_existing_mode_parser,
h100,ordinary_generation,generation,2,on,64,3,1143.106;1143.808;1144.449,1143.808,1143.788,1143.106,1144.449,0.12,stable,three_modes_latest_20260723_plus_formal_small_token,torch_profiler_kernel_external_id_or_existing_mode_parser,
h100,ordinary_generation,generation,2,on,128,3,1337.791;1340.289;1340.705,1340.289,1339.595,1337.791,1340.705,0.22,stable,three_modes_latest_20260723_plus_formal_small_token,torch_profiler_kernel_external_id_or_existing_mode_parser,
h100,ordinary_generation,generation,2,on,288,3,1695.773;1696.578;1696.766,1696.578,1696.372,1695.773,1696.766,0.06,stable,three_modes_latest_20260723_plus_formal_small_token,torch_profiler_kernel_external_id_or_existing_mode_parser,
h100,ordinary_generation,generation,2,on,512,3,1940.096;1940.383;1941.435,1940.383,1940.638,1940.096,1941.435,0.07,stable,three_modes_latest_20260723_plus_formal_small_token,torch_profiler_kernel_external_id_or_existing_mode_parser,
h100,ordinary_generation,generation,2,on,896,3,1702.814;1708.383;1709.598,1708.383,1706.932,1702.814,1709.598,0.4,stable,three_modes_latest_20260723_plus_formal_small_token,torch_profiler_kernel_external_id_or_existing_mode_parser,
h100,ordinary_generation,generation,2,on,1024,3,2088.414;2092.414;2094.750,2092.414,2091.859,2088.414,2094.75,0.3,stable,three_modes_latest_20260723_plus_formal_small_token,torch_profiler_kernel_external_id_or_existing_mode_parser,
h100,ordinary_generation,generation,2,on,1280,3,2153.023;2159.168;2160.092,2159.168,2157.428,2153.023,2160.092,0.33,stable,three_modes_latest_20260723_plus_formal_small_token,torch_profiler_kernel_external_id_or_existing_mode_parser,
h100,ordinary_generation,generation,2,on,4096,3,3502.142;3507.329;3507.550,3507.329,3505.674,3502.142,3507.55,0.15,stable,three_modes_latest_20260723_plus_formal_small_token,torch_profiler_kernel_external_id_or_existing_mode_parser,
h100,ordinary_generation,generation,2,on,8192,3,3491.549;3495.808;3497.726,3495.808,3495.028,3491.549,3497.726,0.18,stable,three_modes_latest_20260723_plus_formal_small_token,torch_profiler_kernel_external_id_or_existing_mode_parser,
h100,ordinary_generation,generation,2,on,16384,3,3584.765;3595.582;3596.064,3595.582,3592.137,3584.765,3596.064,0.31,stable,three_modes_latest_20260723_plus_formal_small_token,torch_profiler_kernel_external_id_or_existing_mode_parser,
h100,ordinary_generation,generation,4,off,1,3,78.411;78.540;78.560,78.53966666666668,78.50355555555556,78.41066666666667,78.56033333333333,0.1906495388743824,stable,ordinary_generation_small_token_truth_20260725_formal,kernel_external_id_local_generation_scope,20260725 H100 four-GPU rerun; replaces 20260724 small-token ordinary_generation rows
h100,ordinary_generation,generation,4,off,2,3,146.944;147.210;147.435,147.21033333333332,147.19633333333334,146.94366666666667,147.435,0.3337945465127051,stable,ordinary_generation_small_token_truth_20260725_formal,kernel_external_id_local_generation_scope,20260725 H100 four-GPU rerun; replaces 20260724 small-token ordinary_generation rows
h100,ordinary_generation,generation,4,off,4,3,177.952;177.994;178.102,177.994,178.0158888888889,177.952,178.1016666666667,0.0840748921912842,stable,ordinary_generation_small_token_truth_20260725_formal,kernel_external_id_local_generation_scope,20260725 H100 four-GPU rerun; replaces 20260724 small-token ordinary_generation rows
h100,ordinary_generation,generation,4,off,8,3,291.456;292.641;293.536,292.641,292.544,291.456,293.536,0.71,stable,three_modes_latest_20260723_plus_formal_small_token,torch_profiler_kernel_external_id_or_existing_mode_parser,
h100,ordinary_generation,generation,4,off,16,3,381.291;381.632;381.877,381.632,381.5998888888889,381.29066666666665,381.877,0.1536513375411597,stable,ordinary_generation_small_token_truth_20260725_formal,kernel_external_id_local_generation_scope,20260725 H100 four-GPU rerun; replaces 20260724 small-token ordinary_generation rows
h100,ordinary_generation,generation,4,off,32,3,520.802;521.984;522.465,521.984,521.75,520.802,522.465,0.32,stable,three_modes_latest_20260723_plus_formal_small_token,torch_profiler_kernel_external_id_or_existing_mode_parser,
h100,ordinary_generation,generation,4,off,40,3,569.474;569.759;570.081,569.759,569.771,569.474,570.081,0.11,stable,three_modes_latest_20260723_plus_formal_small_token,torch_profiler_kernel_external_id_or_existing_mode_parser,
h100,ordinary_generation,generation,4,off,64,3,626.817;627.328;628.322,627.328,627.489,626.817,628.322,0.24,stable,three_modes_latest_20260723_plus_formal_small_token,torch_profiler_kernel_external_id_or_existing_mode_parser,
h100,ordinary_generation,generation,4,off,128,3,768.961;770.624;771.810,770.624,770.465,768.961,771.81,0.37,stable,three_modes_latest_20260723_plus_formal_small_token,torch_profiler_kernel_external_id_or_existing_mode_parser,
h100,ordinary_generation,generation,4,off,288,3,847.840;849.794;852.158,849.794,849.931,847.84,852.158,0.51,stable,three_modes_latest_20260723_plus_formal_small_token,torch_profiler_kernel_external_id_or_existing_mode_parser,
h100,ordinary_generation,generation,4,off,512,3,957.505;961.281;967.522,961.281,962.103,957.505,967.522,1.04,stable,three_modes_latest_20260723_plus_formal_small_token,torch_profiler_kernel_external_id_or_existing_mode_parser,
h100,ordinary_generation,generation,4,off,896,3,974.047;977.441;982.465,977.441,977.984,974.047,982.465,0.86,stable,three_modes_latest_20260723_plus_formal_small_token,torch_profiler_kernel_external_id_or_existing_mode_parser,
h100,ordinary_generation,generation,4,off,1024,3,1167.489;1169.825;1178.688,1169.825,1172.001,1167.489,1178.688,0.96,stable,three_modes_latest_20260723_plus_formal_small_token,torch_profiler_kernel_external_id_or_existing_mode_parser,
h100,ordinary_generation,generation,4,off,1280,3,1240.449;1240.958;1253.952,1240.958,1245.12,1240.449,1253.952,1.09,stable,three_modes_latest_20260723_plus_formal_small_token,torch_profiler_kernel_external_id_or_existing_mode_parser,
h100,ordinary_generation,generation,4,off,4096,3,2182.431;2183.168;2184.516,2183.168,2183.372,2182.431,2184.516,0.1,stable,three_modes_latest_20260723_plus_formal_small_token,torch_profiler_kernel_external_id_or_existing_mode_parser,
h100,ordinary_generation,generation,4,off,8192,3,2320.128;2336.962;2339.008,2336.962,2332.033,2320.128,2339.008,0.81,stable,three_modes_latest_20260723_plus_formal_small_token,torch_profiler_kernel_external_id_or_existing_mode_parser,
h100,ordinary_generation,generation,4,off,16384,3,2351.552;2352.258;2353.955,2352.258,2352.588,2351.552,2353.955,0.1,stable,three_modes_latest_20260723_plus_formal_small_token,torch_profiler_kernel_external_id_or_existing_mode_parser,
h100,ordinary_generation,generation,4,on,1,3,86.303;86.645;86.750,86.64466666666667,86.56588888888889,86.303,86.75,0.5163696760207093,stable,ordinary_generation_small_token_truth_20260725_formal,kernel_external_id_local_generation_scope,20260725 H100 four-GPU rerun; replaces 20260724 small-token ordinary_generation rows
h100,ordinary_generation,generation,4,on,2,3,155.179;155.488;155.712,155.48766666666666,155.45966666666666,155.17933333333332,155.712,0.342639784381375,stable,ordinary_generation_small_token_truth_20260725_formal,kernel_external_id_local_generation_scope,20260725 H100 four-GPU rerun; replaces 20260724 small-token ordinary_generation rows
h100,ordinary_generation,generation,4,on,4,3,185.845;185.994;186.710,185.9943333333333,186.18322222222216,185.8453333333333,186.71,0.4644170706395251,stable,ordinary_generation_small_token_truth_20260725_formal,kernel_external_id_local_generation_scope,20260725 H100 four-GPU rerun; replaces 20260724 small-token ordinary_generation rows
h100,ordinary_generation,generation,4,on,8,3,300.288;302.690;303.776,302.69,302.251,300.288,303.776,1.15,stable,three_modes_latest_20260723_plus_formal_small_token,torch_profiler_kernel_external_id_or_existing_mode_parser,
h100,ordinary_generation,generation,4,on,16,3,390.411;390.612;390.859,390.6123333333333,390.62733333333335,390.41066666666666,390.859,0.1147726477580482,stable,ordinary_generation_small_token_truth_20260725_formal,kernel_external_id_local_generation_scope,20260725 H100 four-GPU rerun; replaces 20260724 small-token ordinary_generation rows
h100,ordinary_generation,generation,4,on,32,3,529.347;531.295;531.713,531.295,530.785,529.347,531.713,0.45,stable,three_modes_latest_20260723_plus_formal_small_token,torch_profiler_kernel_external_id_or_existing_mode_parser,
h100,ordinary_generation,generation,4,on,40,3,579.007;579.138;579.748,579.138,579.298,579.007,579.748,0.13,stable,three_modes_latest_20260723_plus_formal_small_token,torch_profiler_kernel_external_id_or_existing_mode_parser,
h100,ordinary_generation,generation,4,on,64,3,636.610;637.955;639.486,637.955,638.017,636.61,639.486,0.45,stable,three_modes_latest_20260723_plus_formal_small_token,torch_profiler_kernel_external_id_or_existing_mode_parser,
h100,ordinary_generation,generation,4,on,128,3,783.934;784.032;785.248,784.032,784.405,783.934,785.248,0.17,stable,three_modes_latest_20260723_plus_formal_small_token,torch_profiler_kernel_external_id_or_existing_mode_parser,
h100,ordinary_generation,generation,4,on,288,3,862.307;862.946;865.953,862.946,863.735,862.307,865.953,0.42,stable,three_modes_latest_20260723_plus_formal_small_token,torch_profiler_kernel_external_id_or_existing_mode_parser,
h100,ordinary_generation,generation,4,on,512,3,973.604;977.887;984.385,977.887,978.625,973.604,984.385,1.1,stable,three_modes_latest_20260723_plus_formal_small_token,torch_profiler_kernel_external_id_or_existing_mode_parser,
h100,ordinary_generation,generation,4,on,896,3,987.423;989.088;989.281,989.088,988.597,987.423,989.281,0.19,stable,three_modes_latest_20260723_plus_formal_small_token,torch_profiler_kernel_external_id_or_existing_mode_parser,
h100,ordinary_generation,generation,4,on,1024,3,1178.529;1180.387;1182.180,1180.387,1180.365,1178.529,1182.18,0.31,stable,three_modes_latest_20260723_plus_formal_small_token,torch_profiler_kernel_external_id_or_existing_mode_parser,
h100,ordinary_generation,generation,4,on,1280,3,1253.700;1255.903;1257.568,1255.903,1255.724,1253.7,1257.568,0.31,stable,three_modes_latest_20260723_plus_formal_small_token,torch_profiler_kernel_external_id_or_existing_mode_parser,
h100,ordinary_generation,generation,4,on,4096,3,2196.129;2200.802;2203.042,2200.802,2199.991,2196.129,2203.042,0.31,stable,three_modes_latest_20260723_plus_formal_small_token,torch_profiler_kernel_external_id_or_existing_mode_parser,
h100,ordinary_generation,generation,4,on,8192,3,2357.950;2358.849;2370.080,2358.849,2362.293,2357.95,2370.08,0.51,stable,three_modes_latest_20260723_plus_formal_small_token,torch_profiler_kernel_external_id_or_existing_mode_parser,
h100,ordinary_generation,generation,4,on,16384,3,2376.514;2380.159;2381.314,2380.159,2379.329,2376.514,2381.314,0.2,stable,three_modes_latest_20260723_plus_formal_small_token,torch_profiler_kernel_external_id_or_existing_mode_parser,
h100,wideep_context,context,2,off,4,3,314.529;315.136;315.520,315.136,315.062,314.529,315.52,0.31,stable,three_modes_latest_20260723_plus_formal_small_token,torch_profiler_kernel_external_id_or_existing_mode_parser,
h100,wideep_context,context,2,off,8,3,588.991;601.920;602.753,601.92,597.888,588.991,602.753,2.29,stable,three_modes_latest_20260723_plus_formal_small_token,torch_profiler_kernel_external_id_or_existing_mode_parser,
h100,wideep_context,context,2,off,16,3,866.624;869.983;874.719,869.9830000000001,870.442,866.624,874.719,0.930477951868028,stable,aic_covered_context_truth_supplement_20260725,torch_profiler_kernel_external_id_or_existing_mode_parser,AIC-covered truth supplement; wideep_generation token40 excluded because nsys event-node parser produced no valid truth.
h100,wideep_context,context,2,off,32,3,1399.423;1424.508;1430.689,1424.508,1418.207,1399.423,1430.689,2.19,stable,three_modes_latest_20260723_plus_formal_small_token,torch_profiler_kernel_external_id_or_existing_mode_parser,
h100,wideep_context,context,2,off,64,3,1824.899;1825.440;1832.032,1825.44,1827.457,1824.899,1832.032,0.39,stable,three_modes_latest_20260723_plus_formal_small_token,torch_profiler_kernel_external_id_or_existing_mode_parser,
h100,wideep_context,context,2,off,128,3,2183.809;2200.190;2252.031,2200.19,2212.01,2183.809,2252.031,3.1,stable,three_modes_latest_20260723_plus_formal_small_token,torch_profiler_kernel_external_id_or_existing_mode_parser,
h100,wideep_context,context,2,off,512,3,2476.961;2478.240;2504.830,2478.24,2486.677,2476.961,2504.83,1.12,stable,three_modes_latest_20260723_plus_formal_small_token,torch_profiler_kernel_external_id_or_existing_mode_parser,
h100,wideep_context,context,2,off,640,3,2464.478;2501.501;2509.731,2501.501,2491.903,2464.478,2509.731,1.81,stable,three_modes_latest_20260723_plus_formal_small_token,torch_profiler_kernel_external_id_or_existing_mode_parser,
h100,wideep_context,context,2,off,896,3,2472.290;2485.535;2499.646,2485.535,2485.824,2472.29,2499.646,1.1,stable,three_modes_latest_20260723_plus_formal_small_token,torch_profiler_kernel_external_id_or_existing_mode_parser,
h100,wideep_context,context,2,off,1536,3,2525.826;2539.295;2567.103,2539.295,2544.075,2525.826,2567.103,1.63,stable,three_modes_latest_20260723_plus_formal_small_token,torch_profiler_kernel_external_id_or_existing_mode_parser,
h100,wideep_context,context,2,off,2048,3,2546.114;2560.323;2606.174,2560.323,2570.87,2546.114,2606.174,2.35,stable,three_modes_latest_20260723_plus_formal_small_token,torch_profiler_kernel_external_id_or_existing_mode_parser,
h100,wideep_context,context,2,off,2560,3,2671.329;2677.986;2742.242,2677.9860000000003,2697.1856666666667,2671.329,2742.242,2.647997412981248,stable,aic_covered_context_truth_supplement_20260725,torch_profiler_kernel_external_id_or_existing_mode_parser,AIC-covered truth supplement; wideep_generation token40 excluded because nsys event-node parser produced no valid truth.
h100,wideep_context,context,2,off,4096,3,2910.334;2917.791;2918.718,2917.791,2915.614,2910.334,2918.718,0.29,stable,three_modes_latest_20260723_plus_formal_small_token,torch_profiler_kernel_external_id_or_existing_mode_parser,
h100,wideep_context,context,2,off,5120,3,3022.302;3085.471;3093.150,3085.471,3066.974,3022.302,3093.15,2.3,stable,three_modes_latest_20260723_plus_formal_small_token,torch_profiler_kernel_external_id_or_existing_mode_parser,
h100,wideep_context,context,2,off,8192,3,3674.821;3709.277;3735.554,3709.277,3706.551,3674.821,3735.554,1.64,stable,three_modes_latest_20260723_plus_formal_small_token,torch_profiler_kernel_external_id_or_existing_mode_parser,
h100,wideep_context,context,2,off,10240,3,4120.636;4126.621;4171.901,4126.621,4139.719333333333,4120.636,4171.901,1.2422996926540968,stable,aic_covered_context_truth_supplement_20260725,torch_profiler_kernel_external_id_or_existing_mode_parser,AIC-covered truth supplement; wideep_generation token40 excluded because nsys event-node parser produced no valid truth.
h100,wideep_context,context,2,off,12288,3,4723.166;4723.549;4724.384,4723.549,4723.7,4723.166,4724.384,0.03,stable,three_modes_latest_20260723_plus_formal_small_token,torch_profiler_kernel_external_id_or_existing_mode_parser,
h100,wideep_context,context,2,off,14336,3,5271.486;5295.773;5331.996,5295.773,5299.751666666667,5271.486,5331.996,1.1426093980992051,stable,aic_covered_context_truth_supplement_20260725,torch_profiler_kernel_external_id_or_existing_mode_parser,AIC-covered truth supplement; wideep_generation token40 excluded because nsys event-node parser produced no valid truth.
h100,wideep_context,context,2,off,16384,3,5935.006;5988.477;6004.062,5988.477,5975.848,5935.006,6004.062,1.15,stable,three_modes_latest_20260723_plus_formal_small_token,torch_profiler_kernel_external_id_or_existing_mode_parser,
h100,wideep_context,context,2,on,4,3,313.696;314.817;315.968,314.817,314.827,313.696,315.968,0.72,stable,three_modes_latest_20260723_plus_formal_small_token,torch_profiler_kernel_external_id_or_existing_mode_parser,
h100,wideep_context,context,2,on,8,3,586.465;589.760;596.128,589.76,590.784,586.465,596.128,1.64,stable,three_modes_latest_20260723_plus_formal_small_token,torch_profiler_kernel_external_id_or_existing_mode_parser,
h100,wideep_context,context,2,on,16,3,870.206;871.456;872.288,871.456,871.3166666666666,870.206,872.288,0.2389105129805742,stable,aic_covered_context_truth_supplement_20260725,torch_profiler_kernel_external_id_or_existing_mode_parser,AIC-covered truth supplement; wideep_generation token40 excluded because nsys event-node parser produced no valid truth.
h100,wideep_context,context,2,on,32,3,1401.822;1418.816;1430.240,1418.816,1416.959,1401.822,1430.24,2.0,stable,three_modes_latest_20260723_plus_formal_small_token,torch_profiler_kernel_external_id_or_existing_mode_parser,
h100,wideep_context,context,2,on,64,3,1821.313;1849.153;1861.857,1849.153,1844.108,1821.313,1861.857,2.19,stable,three_modes_latest_20260723_plus_formal_small_token,torch_profiler_kernel_external_id_or_existing_mode_parser,
h100,wideep_context,context,2,on,128,3,2251.042;2254.910;2260.415,2254.91,2255.456,2251.042,2260.415,0.42,stable,three_modes_latest_20260723_plus_formal_small_token,torch_profiler_kernel_external_id_or_existing_mode_parser,
h100,wideep_context,context,2,on,512,3,2483.842;2484.162;2504.258,2484.162,2490.754,2483.842,2504.258,0.82,stable,three_modes_latest_20260723_plus_formal_small_token,torch_profiler_kernel_external_id_or_existing_mode_parser,
h100,wideep_context,context,2,on,640,3,2475.715;2488.478;2499.299,2488.478,2487.831,2475.715,2499.299,0.95,stable,three_modes_latest_20260723_plus_formal_small_token,torch_profiler_kernel_external_id_or_existing_mode_parser,
h100,wideep_context,context,2,on,896,3,2484.066;2488.864;2520.034,2488.864,2497.655,2484.066,2520.034,1.45,stable,three_modes_latest_20260723_plus_formal_small_token,torch_profiler_kernel_external_id_or_existing_mode_parser,
h100,wideep_context,context,2,on,1536,3,2517.122;2530.338;2543.138,2530.338,2530.199,2517.122,2543.138,1.03,stable,three_modes_latest_20260723_plus_formal_small_token,torch_profiler_kernel_external_id_or_existing_mode_parser,
h100,wideep_context,context,2,on,2048,3,2547.488;2556.926;2583.297,2556.926,2562.57,2547.488,2583.297,1.4,stable,three_modes_latest_20260723_plus_formal_small_token,torch_profiler_kernel_external_id_or_existing_mode_parser,
h100,wideep_context,context,2,on,2560,3,2651.264;2653.475;2689.663,2653.475,2664.8006666666665,2651.264,2689.663,1.4471212278238872,stable,aic_covered_context_truth_supplement_20260725,torch_profiler_kernel_external_id_or_existing_mode_parser,AIC-covered truth supplement; wideep_generation token40 excluded because nsys event-node parser produced no valid truth.
h100,wideep_context,context,2,on,4096,3,2890.302;2952.191;2960.610,2952.191,2934.368,2890.302,2960.61,2.38,stable,three_modes_latest_20260723_plus_formal_small_token,torch_profiler_kernel_external_id_or_existing_mode_parser,
h100,wideep_context,context,2,on,5120,3,2965.985;3103.359;3190.622,3103.359,3086.655,2965.985,3190.622,7.24,stable,three_modes_latest_20260723_plus_formal_small_token,torch_profiler_kernel_external_id_or_existing_mode_parser,
h100,wideep_context,context,2,on,8192,3,3619.780;3622.687;3681.122,3622.687,3641.196,3619.78,3681.122,1.69,stable,three_modes_latest_20260723_plus_formal_small_token,torch_profiler_kernel_external_id_or_existing_mode_parser,
h100,wideep_context,context,2,on,10240,3,4115.231;4121.411;4123.486,4121.411,4120.042666666667,4115.231,4123.486,0.2002954813290911,stable,aic_covered_context_truth_supplement_20260725,torch_profiler_kernel_external_id_or_existing_mode_parser,AIC-covered truth supplement; wideep_generation token40 excluded because nsys event-node parser produced no valid truth.
h100,wideep_context,context,2,on,12288,3,4747.229;4771.678;4775.006,4771.678,4764.638,4747.229,4775.006,0.58,stable,three_modes_latest_20260723_plus_formal_small_token,torch_profiler_kernel_external_id_or_existing_mode_parser,
h100,wideep_context,context,2,on,14336,3,5246.525;5260.349;5336.862,5260.349,5281.245333333333,5246.525,5336.862,1.7173195162526371,stable,aic_covered_context_truth_supplement_20260725,torch_profiler_kernel_external_id_or_existing_mode_parser,AIC-covered truth supplement; wideep_generation token40 excluded because nsys event-node parser produced no valid truth.
h100,wideep_context,context,2,on,16384,3,5985.759;6027.357;6043.259,6027.357,6018.792,5985.759,6043.259,0.95,stable,three_modes_latest_20260723_plus_formal_small_token,torch_profiler_kernel_external_id_or_existing_mode_parser,
h100,wideep_context,context,4,off,4,3,205.025;206.464;208.128,206.464,206.539,205.025,208.128,1.5,stable,three_modes_latest_20260723_plus_formal_small_token,torch_profiler_kernel_external_id_or_existing_mode_parser,
h100,wideep_context,context,4,off,8,3,350.528;354.273;356.160,354.273,353.654,350.528,356.16,1.59,stable,three_modes_latest_20260723_plus_formal_small_token,torch_profiler_kernel_external_id_or_existing_mode_parser,
h100,wideep_context,context,4,off,16,3,478.592;479.713;480.704,479.713,479.6696666666666,478.592,480.704,0.4412944637603777,stable,h100_ep4_context_supplement_20260726,torch_profiler_kernel_external_id_rankmax_layer_median_session_median,h100 four-card EP4 supplement
h100,wideep_context,context,4,off,32,3,839.456;841.248;844.864,841.248,841.856,839.456,844.864,0.64,stable,three_modes_latest_20260723_plus_formal_small_token,torch_profiler_kernel_external_id_or_existing_mode_parser,
h100,wideep_context,context,4,off,64,3,977.376;981.345;981.375,981.345,980.032,977.376,981.375,0.41,stable,three_modes_latest_20260723_plus_formal_small_token,torch_profiler_kernel_external_id_or_existing_mode_parser,
h100,wideep_context,context,4,off,128,3,1127.137;1129.601;1133.923,1129.601,1130.22,1127.137,1133.923,0.6,stable,three_modes_latest_20260723_plus_formal_small_token,torch_profiler_kernel_external_id_or_existing_mode_parser,
h100,wideep_context,context,4,off,512,3,1238.176;1243.009;1248.897,1243.009,1243.361,1238.176,1248.897,0.86,stable,three_modes_latest_20260723_plus_formal_small_token,torch_profiler_kernel_external_id_or_existing_mode_parser,
h100,wideep_context,context,4,off,640,3,1241.282;1247.168;1247.874,1247.168,1245.441,1241.282,1247.874,0.53,stable,three_modes_latest_20260723_plus_formal_small_token,torch_profiler_kernel_external_id_or_existing_mode_parser,
h100,wideep_context,context,4,off,896,3,1241.409;1245.888;1247.903,1245.888,1245.067,1241.409,1247.903,0.52,stable,three_modes_latest_20260723_plus_formal_small_token,torch_profiler_kernel_external_id_or_existing_mode_parser,
h100,wideep_context,context,4,off,1536,3,1259.840;1264.609;1269.662,1264.609,1264.704,1259.84,1269.662,0.78,stable,three_modes_latest_20260723_plus_formal_small_token,torch_profiler_kernel_external_id_or_existing_mode_parser,
h100,wideep_context,context,4,off,2048,3,1286.018;1286.655;1310.848,1286.655,1294.507,1286.018,1310.848,1.93,stable,three_modes_latest_20260723_plus_formal_small_token,torch_profiler_kernel_external_id_or_existing_mode_parser,
h100,wideep_context,context,4,off,2560,3,1303.361;1311.841;1313.184,1311.841,1309.4620000000002,1303.361,1313.184,0.7536668658951529,stable,h100_ep4_context_supplement_20260726,torch_profiler_kernel_external_id_rankmax_layer_median_session_median,h100 four-card EP4 supplement
h100,wideep_context,context,4,off,4096,3,1419.777;1428.644;1440.415,1428.644,1429.612,1419.777,1440.415,1.44,stable,three_modes_latest_20260723_plus_formal_small_token,torch_profiler_kernel_external_id_or_existing_mode_parser,
h100,wideep_context,context,4,off,5120,3,1550.817;1560.608;1595.489,1560.608,1568.971,1550.817,1595.489,2.86,stable,three_modes_latest_20260723_plus_formal_small_token,torch_profiler_kernel_external_id_or_existing_mode_parser,
h100,wideep_context,context,4,off,8192,3,1939.970;1970.433;1987.713,1970.433,1966.039,1939.97,1987.713,2.42,stable,three_modes_latest_20260723_plus_formal_small_token,torch_profiler_kernel_external_id_or_existing_mode_parser,
h100,wideep_context,context,4,off,10240,3,2242.755;2243.201;2249.506,2243.201,2245.154,2242.755,2249.506,0.3010137085860842,stable,h100_ep4_context_supplement_20260726,torch_profiler_kernel_external_id_rankmax_layer_median_session_median,h100 four-card EP4 supplement
h100,wideep_context,context,4,off,12288,3,2578.402;2597.667;2606.851,2597.667,2594.307,2578.402,2606.851,1.1,stable,three_modes_latest_20260723_plus_formal_small_token,torch_profiler_kernel_external_id_or_existing_mode_parser,
h100,wideep_context,context,4,off,14336,3,2906.147;2909.247;2911.199,2909.2470000000003,2908.864333333333,2906.147,2911.199,0.1738384190476338,stable,h100_ep4_context_supplement_20260726,torch_profiler_kernel_external_id_rankmax_layer_median_session_median,h100 four-card EP4 supplement
h100,wideep_context,context,4,off,16384,3,3301.763;3302.466;3308.803,3302.466,3304.344,3301.763,3308.803,0.21,stable,three_modes_latest_20260723_plus_formal_small_token,torch_profiler_kernel_external_id_or_existing_mode_parser,
h100,wideep_context,context,4,on,4,3,205.665;205.984;206.657,205.984,206.102,205.665,206.657,0.48,stable,three_modes_latest_20260723_plus_formal_small_token,torch_profiler_kernel_external_id_or_existing_mode_parser,
h100,wideep_context,context,4,on,8,3,355.267;355.296;356.032,355.296,355.532,355.267,356.032,0.22,stable,three_modes_latest_20260723_plus_formal_small_token,torch_profiler_kernel_external_id_or_existing_mode_parser,
h100,wideep_context,context,4,on,16,3,478.850;480.576;483.328,480.576,480.918,478.85,483.328,0.935157147332144,stable,h100_ep4_context_supplement_20260726,torch_profiler_kernel_external_id_rankmax_layer_median_session_median,h100 four-card EP4 supplement
h100,wideep_context,context,4,on,32,3,840.387;847.457;848.481,847.457,845.442,840.387,848.481,0.96,stable,three_modes_latest_20260723_plus_formal_small_token,torch_profiler_kernel_external_id_or_existing_mode_parser,
h100,wideep_context,context,4,on,64,3,972.191;974.080;979.967,974.08,975.413,972.191,979.967,0.8,stable,three_modes_latest_20260723_plus_formal_small_token,torch_profiler_kernel_external_id_or_existing_mode_parser,
h100,wideep_context,context,4,on,128,3,1130.848;1135.936;1137.986,1135.936,1134.923,1130.848,1137.986,0.63,stable,three_modes_latest_20260723_plus_formal_small_token,torch_profiler_kernel_external_id_or_existing_mode_parser,
h100,wideep_context,context,4,on,512,3,1238.242;1247.106;1250.433,1247.106,1245.26,1238.242,1250.433,0.98,stable,three_modes_latest_20260723_plus_formal_small_token,torch_profiler_kernel_external_id_or_existing_mode_parser,
h100,wideep_context,context,4,on,640,3,1244.354;1252.610;1253.538,1252.61,1250.167,1244.354,1253.538,0.73,stable,three_modes_latest_20260723_plus_formal_small_token,torch_profiler_kernel_external_id_or_existing_mode_parser,
h100,wideep_context,context,4,on,896,3,1252.097;1252.224;1256.545,1252.224,1253.622,1252.097,1256.545,0.36,stable,three_modes_latest_20260723_plus_formal_small_token,torch_profiler_kernel_external_id_or_existing_mode_parser,
h100,wideep_context,context,4,on,1536,3,1263.777;1264.353;1265.729,1264.353,1264.62,1263.777,1265.729,0.15,stable,three_modes_latest_20260723_plus_formal_small_token,torch_profiler_kernel_external_id_or_existing_mode_parser,
h100,wideep_context,context,4,on,2048,3,1297.536;1299.713;1310.976,1299.713,1302.742,1297.536,1310.976,1.03,stable,three_modes_latest_20260723_plus_formal_small_token,torch_profiler_kernel_external_id_or_existing_mode_parser,
h100,wideep_context,context,4,on,2560,3,1303.841;1317.473;1339.522,1317.473,1320.2786666666666,1303.841,1339.522,2.7366066874718653,stable,h100_ep4_context_supplement_20260726,torch_profiler_kernel_external_id_rankmax_layer_median_session_median,h100 four-card EP4 supplement
h100,wideep_context,context,4,on,4096,3,1415.679;1430.913;1445.504,1430.913,1430.699,1415.679,1445.504,2.08,stable,three_modes_latest_20260723_plus_formal_small_token,torch_profiler_kernel_external_id_or_existing_mode_parser,
h100,wideep_context,context,4,on,5120,3,1554.721;1563.298;1567.359,1563.298,1561.793,1554.721,1567.359,0.81,stable,three_modes_latest_20260723_plus_formal_small_token,torch_profiler_kernel_external_id_or_existing_mode_parser,
h100,wideep_context,context,4,on,8192,3,1928.929;1961.442;1974.690,1961.442,1955.02,1928.929,1974.69,2.33,stable,three_modes_latest_20260723_plus_formal_small_token,torch_profiler_kernel_external_id_or_existing_mode_parser,
h100,wideep_context,context,4,on,10240,3,2241.760;2244.930;2246.883,2244.93,2244.5243333333333,2241.76,2246.883,0.2285258011562208,stable,h100_ep4_context_supplement_20260726,torch_profiler_kernel_external_id_rankmax_layer_median_session_median,h100 four-card EP4 supplement
h100,wideep_context,context,4,on,12288,3,2608.930;2617.637;2621.538,2617.637,2616.035,2608.93,2621.538,0.48,stable,three_modes_latest_20260723_plus_formal_small_token,torch_profiler_kernel_external_id_or_existing_mode_parser,
h100,wideep_context,context,4,on,14336,3,2897.123;2900.639;2906.467,2900.639,2901.409666666667,2897.123,2906.467,0.3225268654454716,stable,h100_ep4_context_supplement_20260726,torch_profiler_kernel_external_id_rankmax_layer_median_session_median,h100 four-card EP4 supplement
h100,wideep_context,context,4,on,16384,3,3295.298;3307.362;3309.347,3307.362,3304.002,3295.298,3309.347,0.42,stable,three_modes_latest_20260723_plus_formal_small_token,torch_profiler_kernel_external_id_or_existing_mode_parser,
h100,wideep_generation,generation,2,off,4,3,205.216;204.256;205.999,205.216,205.157,204.256,205.999,0.85,stable,wideep_generation_nsys_parser_v2_full_review_20260723,nsys_cuda_graph_semantic_routed_compute_parser_v2,WideEP generation uses nsys parser v2; not old torch-profiler truth.
h100,wideep_generation,generation,2,off,8,3,292.608;293.840;291.935,292.608,292.794,291.935,293.84,0.65,stable,wideep_generation_nsys_parser_v2_full_review_20260723,nsys_cuda_graph_semantic_routed_compute_parser_v2,WideEP generation uses nsys parser v2; not old torch-profiler truth.
h100,wideep_generation,generation,2,off,32,3,693.536;696.704;694.592,694.592,694.944,693.536,696.704,0.46,stable,wideep_generation_nsys_parser_v2_full_review_20260723,nsys_cuda_graph_semantic_routed_compute_parser_v2,WideEP generation uses nsys parser v2; not old torch-profiler truth.
h100,wideep_generation,generation,2,off,64,3,1011.472;1010.255;1012.448,1011.472,1011.392,1010.255,1012.448,0.22,stable,wideep_generation_nsys_parser_v2_full_review_20260723,nsys_cuda_graph_semantic_routed_compute_parser_v2,WideEP generation uses nsys parser v2; not old torch-profiler truth.
h100,wideep_generation,generation,2,off,128,3,1308.448;1318.608;1313.775,1313.775,1313.61,1308.448,1318.608,0.77,stable,wideep_generation_nsys_parser_v2_full_review_20260723,nsys_cuda_graph_semantic_routed_compute_parser_v2,WideEP generation uses nsys parser v2; not old torch-profiler truth.
h100,wideep_generation,generation,2,off,288,3,1650.927;1654.064;1647.936,1650.927,1650.976,1647.936,1654.064,0.37,stable,wideep_generation_nsys_parser_v2_full_review_20260723,nsys_cuda_graph_semantic_routed_compute_parser_v2,WideEP generation uses nsys parser v2; not old torch-profiler truth.
h100,wideep_generation,generation,2,off,512,3,1786.847;1781.039;1771.696,1781.039,1779.861,1771.696,1786.847,0.85,stable,wideep_generation_nsys_parser_v2_full_review_20260723,nsys_cuda_graph_semantic_routed_compute_parser_v2,WideEP generation uses nsys parser v2; not old torch-profiler truth.
h100,wideep_generation,generation,2,off,896,3,1850.479;1852.320;1865.199,1852.32,1855.999,1850.479,1865.199,0.79,stable,wideep_generation_nsys_parser_v2_full_review_20260723,nsys_cuda_graph_semantic_routed_compute_parser_v2,WideEP generation uses nsys parser v2; not old torch-profiler truth.
h100,wideep_generation,generation,2,off,1024,3,1896.351;1893.361;1894.429,1894.429,1894.714,1893.361,1896.351,0.16,stable,wideep_generation_nsys_parser_v2_full_review_20260723,nsys_cuda_graph_semantic_routed_compute_parser_v2,WideEP generation uses nsys parser v2; not old torch-profiler truth.
h100,wideep_generation,generation,2,off,1280,3,1920.320;1920.111;1914.032,1920.111,1918.154,1914.032,1920.32,0.33,stable,wideep_generation_nsys_parser_v2_full_review_20260723,nsys_cuda_graph_semantic_routed_compute_parser_v2,WideEP generation uses nsys parser v2; not old torch-profiler truth.
h100,wideep_generation,generation,2,on,4,3,206.368;204.656;205.648,205.648,205.557,204.656,206.368,0.83,stable,wideep_generation_nsys_parser_v2_full_review_20260723,nsys_cuda_graph_semantic_routed_compute_parser_v2,WideEP generation uses nsys parser v2; not old torch-profiler truth.
h100,wideep_generation,generation,2,on,8,3,292.912;291.423;298.112,292.912,294.149,291.423,298.112,2.28,stable,wideep_generation_nsys_parser_v2_full_review_20260723,nsys_cuda_graph_semantic_routed_compute_parser_v2,WideEP generation uses nsys parser v2; not old torch-profiler truth.
h100,wideep_generation,generation,2,on,32,3,693.184;689.775;691.327,691.327,691.429,689.775,693.184,0.49,stable,wideep_generation_nsys_parser_v2_full_review_20260723,nsys_cuda_graph_semantic_routed_compute_parser_v2,WideEP generation uses nsys parser v2; not old torch-profiler truth.
h100,wideep_generation,generation,2,on,64,3,1010.959;1012.671;1009.471,1010.959,1011.034,1009.471,1012.671,0.32,stable,wideep_generation_nsys_parser_v2_full_review_20260723,nsys_cuda_graph_semantic_routed_compute_parser_v2,WideEP generation uses nsys parser v2; not old torch-profiler truth.
h100,wideep_generation,generation,2,on,128,3,1316.943;1313.184;1312.975,1313.184,1314.367,1312.975,1316.943,0.3,stable,wideep_generation_nsys_parser_v2_full_review_20260723,nsys_cuda_graph_semantic_routed_compute_parser_v2,WideEP generation uses nsys parser v2; not old torch-profiler truth.
h100,wideep_generation,generation,2,on,288,3,1656.927;1654.032;1658.208,1656.927,1656.389,1654.032,1658.208,0.25,stable,wideep_generation_nsys_parser_v2_full_review_20260723,nsys_cuda_graph_semantic_routed_compute_parser_v2,WideEP generation uses nsys parser v2; not old torch-profiler truth.
h100,wideep_generation,generation,2,on,512,3,1787.263;1782.015;1782.159,1782.159,1783.812,1782.015,1787.263,0.29,stable,wideep_generation_nsys_parser_v2_full_review_20260723,nsys_cuda_graph_semantic_routed_compute_parser_v2,WideEP generation uses nsys parser v2; not old torch-profiler truth.
h100,wideep_generation,generation,2,on,896,3,1859.648;1859.264;1858.896,1859.264,1859.269,1858.896,1859.648,0.04,stable,wideep_generation_nsys_parser_v2_full_review_20260723,nsys_cuda_graph_semantic_routed_compute_parser_v2,WideEP generation uses nsys parser v2; not old torch-profiler truth.
h100,wideep_generation,generation,2,on,1024,3,1898.896;1912.336;1889.663,1898.896,1900.298,1889.663,1912.336,1.19,stable,wideep_generation_nsys_parser_v2_full_review_20260723,nsys_cuda_graph_semantic_routed_compute_parser_v2,WideEP generation uses nsys parser v2; not old torch-profiler truth.
h100,wideep_generation,generation,2,on,1280,3,1921.840;1918.479;1914.959,1918.479,1918.426,1914.959,1921.84,0.36,stable,wideep_generation_nsys_parser_v2_full_review_20260723,nsys_cuda_graph_semantic_routed_compute_parser_v2,WideEP generation uses nsys parser v2; not old torch-profiler truth.
h100,wideep_generation,generation,4,off,4,3,87.920;88.864;87.488,87.92,88.091,87.488,88.864,1.57,stable,wideep_generation_nsys_parser_v2_full_review_20260723,nsys_cuda_graph_semantic_routed_compute_parser_v2,WideEP generation uses nsys parser v2; not old torch-profiler truth.
h100,wideep_generation,generation,4,off,8,3,113.712;114.384;114.320,114.32,114.139,113.712,114.384,0.59,stable,wideep_generation_nsys_parser_v2_full_review_20260723,nsys_cuda_graph_semantic_routed_compute_parser_v2,WideEP generation uses nsys parser v2; not old torch-profiler truth.
h100,wideep_generation,generation,4,off,32,3,212.816;213.776;214.992,213.776,213.861,212.816,214.992,1.02,stable,wideep_generation_nsys_parser_v2_full_review_20260723,nsys_cuda_graph_semantic_routed_compute_parser_v2,WideEP generation uses nsys parser v2; not old torch-profiler truth.
h100,wideep_generation,generation,4,off,64,3,340.400;338.512;341.136,340.4,340.016,338.512,341.136,0.77,stable,wideep_generation_nsys_parser_v2_full_review_20260723,nsys_cuda_graph_semantic_routed_compute_parser_v2,WideEP generation uses nsys parser v2; not old torch-profiler truth.
h100,wideep_generation,generation,4,off,128,3,494.432;492.288;497.520,494.432,494.747,492.288,497.52,1.06,stable,wideep_generation_nsys_parser_v2_full_review_20260723,nsys_cuda_graph_semantic_routed_compute_parser_v2,WideEP generation uses nsys parser v2; not old torch-profiler truth.
h100,wideep_generation,generation,4,off,288,3,668.609;668.224;664.081,668.224,666.971,664.081,668.609,0.68,stable,wideep_generation_nsys_parser_v2_full_review_20260723,nsys_cuda_graph_semantic_routed_compute_parser_v2,WideEP generation uses nsys parser v2; not old torch-profiler truth.
h100,wideep_generation,generation,4,off,512,3,790.896;783.488;780.001,783.488,784.795,780.001,790.896,1.39,stable,wideep_generation_nsys_parser_v2_full_review_20260723,nsys_cuda_graph_semantic_routed_compute_parser_v2,WideEP generation uses nsys parser v2; not old torch-profiler truth.
h100,wideep_generation,generation,4,off,896,3,859.569;858.992;856.256,858.992,858.272,856.256,859.569,0.39,stable,wideep_generation_nsys_parser_v2_full_review_20260723,nsys_cuda_graph_semantic_routed_compute_parser_v2,WideEP generation uses nsys parser v2; not old torch-profiler truth.
h100,wideep_generation,generation,4,off,1024,3,878.784;871.104;872.016,872.016,873.968,871.104,878.784,0.88,stable,wideep_generation_nsys_parser_v2_full_review_20260723,nsys_cuda_graph_semantic_routed_compute_parser_v2,WideEP generation uses nsys parser v2; not old torch-profiler truth.
h100,wideep_generation,generation,4,off,1280,3,888.993;886.528;886.304,886.528,887.275,886.304,888.993,0.3,stable,wideep_generation_nsys_parser_v2_full_review_20260723,nsys_cuda_graph_semantic_routed_compute_parser_v2,WideEP generation uses nsys parser v2; not old torch-profiler truth.
h100,wideep_generation,generation,4,on,4,3,88.512;88.272;89.552,88.512,88.779,88.272,89.552,1.45,stable,wideep_generation_nsys_parser_v2_full_review_20260723,nsys_cuda_graph_semantic_routed_compute_parser_v2,WideEP generation uses nsys parser v2; not old torch-profiler truth.
h100,wideep_generation,generation,4,on,8,3,112.912;113.408;113.520,113.408,113.28,112.912,113.52,0.54,stable,wideep_generation_nsys_parser_v2_full_review_20260723,nsys_cuda_graph_semantic_routed_compute_parser_v2,WideEP generation uses nsys parser v2; not old torch-profiler truth.
h100,wideep_generation,generation,4,on,32,3,215.041;213.520;213.424,213.52,213.995,213.424,215.041,0.76,stable,wideep_generation_nsys_parser_v2_full_review_20260723,nsys_cuda_graph_semantic_routed_compute_parser_v2,WideEP generation uses nsys parser v2; not old torch-profiler truth.
h100,wideep_generation,generation,4,on,64,3,340.272;340.960;339.152,340.272,340.128,339.152,340.96,0.53,stable,wideep_generation_nsys_parser_v2_full_review_20260723,nsys_cuda_graph_semantic_routed_compute_parser_v2,WideEP generation uses nsys parser v2; not old torch-profiler truth.
h100,wideep_generation,generation,4,on,128,3,494.240;491.104;493.664,493.664,493.003,491.104,494.24,0.64,stable,wideep_generation_nsys_parser_v2_full_review_20260723,nsys_cuda_graph_semantic_routed_compute_parser_v2,WideEP generation uses nsys parser v2; not old torch-profiler truth.
h100,wideep_generation,generation,4,on,288,3,668.225;669.056;669.456,669.056,668.912,668.225,669.456,0.18,stable,wideep_generation_nsys_parser_v2_full_review_20260723,nsys_cuda_graph_semantic_routed_compute_parser_v2,WideEP generation uses nsys parser v2; not old torch-profiler truth.
h100,wideep_generation,generation,4,on,512,3,783.504;781.600;784.144,783.504,783.083,781.6,784.144,0.32,stable,wideep_generation_nsys_parser_v2_full_review_20260723,nsys_cuda_graph_semantic_routed_compute_parser_v2,WideEP generation uses nsys parser v2; not old torch-profiler truth.
h100,wideep_generation,generation,4,on,896,3,856.736;856.352;856.849,856.736,856.646,856.352,856.849,0.06,stable,wideep_generation_nsys_parser_v2_full_review_20260723,nsys_cuda_graph_semantic_routed_compute_parser_v2,WideEP generation uses nsys parser v2; not old torch-profiler truth.
h100,wideep_generation,generation,4,on,1024,3,869.712;872.048;876.960,872.048,872.907,869.712,876.96,0.83,stable,wideep_generation_nsys_parser_v2_full_review_20260723,nsys_cuda_graph_semantic_routed_compute_parser_v2,WideEP generation uses nsys parser v2; not old torch-profiler truth.
h100,wideep_generation,generation,4,on,1280,3,888.465;883.760;883.856,883.856,885.36,883.76,888.465,0.53,stable,wideep_generation_nsys_parser_v2_full_review_20260723,nsys_cuda_graph_semantic_routed_compute_parser_v2,WideEP generation uses nsys parser v2; not old torch-profiler truth.
h20,ordinary_context,context,1,off,1,3,209.537;209.857;209.985,209.857,209.793,209.537,209.985,0.213478702163858,stable,aic_covered_context_truth_supplement_20260725,torch_profiler_kernel_external_id_or_existing_mode_parser,AIC-covered truth supplement; wideep_generation token40 excluded because nsys event-node parser produced no valid truth.
h20,ordinary_context,context,1,off,2,3,403.457;404.290;406.273,404.29,404.67333333333335,403.457,406.273,0.6965297187662397,stable,aic_covered_context_truth_supplement_20260725,torch_profiler_kernel_external_id_or_existing_mode_parser,AIC-covered truth supplement; wideep_generation token40 excluded because nsys event-node parser produced no valid truth.
h20,ordinary_context,context,1,off,4,3,703.586;703.938;706.050,703.938,704.525,703.586,706.05,0.35,stable,three_modes_latest_20260723_plus_formal_small_token,torch_profiler_kernel_external_id_or_existing_mode_parser,
h20,ordinary_context,context,1,off,8,3,1223.012;1223.301;1224.100,1223.301,1223.471,1223.012,1224.1,0.09,stable,three_modes_latest_20260723_plus_formal_small_token,torch_profiler_kernel_external_id_or_existing_mode_parser,
h20,ordinary_context,context,1,off,16,3,1954.759;1955.367;1958.791,1955.367,1956.3056666666669,1954.759,1958.791,0.2062017002434799,stable,aic_covered_context_truth_supplement_20260725,torch_profiler_kernel_external_id_or_existing_mode_parser,AIC-covered truth supplement; wideep_generation token40 excluded because nsys event-node parser produced no valid truth.
h20,ordinary_context,context,1,off,32,3,3045.932;3048.682;3051.947,3048.682,3048.854,3045.932,3051.947,0.2,stable,three_modes_latest_20260723_plus_formal_small_token,torch_profiler_kernel_external_id_or_existing_mode_parser,
h20,ordinary_context,context,1,off,64,3,3993.485;4000.878;4004.078,4000.878,3999.48,3993.485,4004.078,0.26,stable,three_modes_latest_20260723_plus_formal_small_token,torch_profiler_kernel_external_id_or_existing_mode_parser,
h20,ordinary_context,context,1,off,128,3,4843.280;4844.337;4844.723,4844.337,4844.113,4843.28,4844.723,0.03,stable,three_modes_latest_20260723_plus_formal_small_token,torch_profiler_kernel_external_id_or_existing_mode_parser,
h20,ordinary_context,context,1,off,512,3,5452.980;5465.875;5467.698,5465.875,5462.184,5452.98,5467.698,0.27,stable,three_modes_latest_20260723_plus_formal_small_token,torch_profiler_kernel_external_id_or_existing_mode_parser,
h20,ordinary_context,context,1,off,640,3,5526.582;5528.525;5539.637,5528.525,5531.581,5526.582,5539.637,0.24,stable,three_modes_latest_20260723_plus_formal_small_token,torch_profiler_kernel_external_id_or_existing_mode_parser,
h20,ordinary_context,context,1,off,896,3,5816.311;5824.693;5834.613,5824.693,5825.206,5816.311,5834.613,0.31,stable,three_modes_latest_20260723_plus_formal_small_token,torch_profiler_kernel_external_id_or_existing_mode_parser,
h20,ordinary_context,context,1,off,1536,3,7035.515;7054.619;7065.498,7054.619,7051.877,7035.515,7065.498,0.43,stable,three_modes_latest_20260723_plus_formal_small_token,torch_profiler_kernel_external_id_or_existing_mode_parser,
h20,ordinary_context,context,1,off,2048,3,8333.377;8344.288;8362.240,8344.288,8346.635,8333.377,8362.24,0.35,stable,three_modes_latest_20260723_plus_formal_small_token,torch_profiler_kernel_external_id_or_existing_mode_parser,
h20,ordinary_context,context,1,off,4096,3,13878.649;13923.701;13936.053,13923.701,13912.801,13878.649,13936.053,0.41,stable,three_modes_latest_20260723_plus_formal_small_token,torch_profiler_kernel_external_id_or_existing_mode_parser,
h20,ordinary_context,context,1,off,5120,3,16580.069;16597.345;16602.398,16597.345,16593.271,16580.069,16602.398,0.13,stable,three_modes_latest_20260723_plus_formal_small_token,torch_profiler_kernel_external_id_or_existing_mode_parser,
h20,ordinary_context,context,1,off,8192,3,24841.547;24865.600;24920.872,24865.6,24876.006,24841.547,24920.872,0.32,stable,three_modes_latest_20260723_plus_formal_small_token,torch_profiler_kernel_external_id_or_existing_mode_parser,
h20,ordinary_context,context,1,off,12288,3,35844.110;35862.445;35955.991,35862.445,35887.515,35844.11,35955.991,0.31,stable,three_modes_latest_20260723_plus_formal_small_token,torch_profiler_kernel_external_id_or_existing_mode_parser,
h20,ordinary_context,context,1,off,16384,3,46828.370;46846.384;46939.493,46846.384,46871.416,46828.37,46939.493,0.24,stable,three_modes_latest_20260723_plus_formal_small_token,torch_profiler_kernel_external_id_or_existing_mode_parser,
h20,ordinary_context,context,2,off,1,3,164.256;164.576;164.672,164.576,164.50133333333335,164.256,164.672,0.2527707563678767,stable,aic_covered_context_truth_supplement_20260725,torch_profiler_kernel_external_id_or_existing_mode_parser,AIC-covered truth supplement; wideep_generation token40 excluded because nsys event-node parser produced no valid truth.
h20,ordinary_context,context,2,off,2,3,302.912;304.350;304.993,304.35,304.085,302.912,304.993,0.683752258912442,stable,aic_covered_context_truth_supplement_20260725,torch_profiler_kernel_external_id_or_existing_mode_parser,AIC-covered truth supplement; wideep_generation token40 excluded because nsys event-node parser produced no valid truth.
h20,ordinary_context,context,2,off,4,3,411.136;411.360;412.928,411.36,411.808,411.136,412.928,0.44,stable,three_modes_latest_20260723_plus_formal_small_token,torch_profiler_kernel_external_id_or_existing_mode_parser,
h20,ordinary_context,context,2,off,8,3,745.439;745.633;747.519,745.633,746.197,745.439,747.519,0.28,stable,three_modes_latest_20260723_plus_formal_small_token,torch_profiler_kernel_external_id_or_existing_mode_parser,
h20,ordinary_context,context,2,off,16,3,1056.575;1057.732;1058.884,1057.732,1057.7303333333332,1056.575,1058.884,0.2182972624445482,stable,aic_covered_context_truth_supplement_20260725,torch_profiler_kernel_external_id_or_existing_mode_parser,AIC-covered truth supplement; wideep_generation token40 excluded because nsys event-node parser produced no valid truth.
h20,ordinary_context,context,2,off,32,3,1658.246;1659.173;1659.685,1659.173,1659.035,1658.246,1659.685,0.09,stable,three_modes_latest_20260723_plus_formal_small_token,torch_profiler_kernel_external_id_or_existing_mode_parser,
h20,ordinary_context,context,2,off,64,3,2080.385;2082.976;2085.311,2082.976,2082.891,2080.385,2085.311,0.24,stable,three_modes_latest_20260723_plus_formal_small_token,torch_profiler_kernel_external_id_or_existing_mode_parser,
h20,ordinary_context,context,2,off,128,3,2485.574;2494.823;2499.270,2494.823,2493.222,2485.574,2499.27,0.55,stable,three_modes_latest_20260723_plus_formal_small_token,torch_profiler_kernel_external_id_or_existing_mode_parser,
h20,ordinary_context,context,2,off,512,3,2846.729;2846.887;2853.351,2846.887,2848.989,2846.729,2853.351,0.23,stable,three_modes_latest_20260723_plus_formal_small_token,torch_profiler_kernel_external_id_or_existing_mode_parser,
h20,ordinary_context,context,2,off,640,3,2870.889;2875.978;2876.263,2875.978,2874.377,2870.889,2876.263,0.19,stable,three_modes_latest_20260723_plus_formal_small_token,torch_profiler_kernel_external_id_or_existing_mode_parser,
h20,ordinary_context,context,2,off,896,3,3017.696;3020.065;3021.121,3020.065,3019.627,3017.696,3021.121,0.11,stable,three_modes_latest_20260723_plus_formal_small_token,torch_profiler_kernel_external_id_or_existing_mode_parser,
h20,ordinary_context,context,2,off,1536,3,3777.857;3781.186;3785.250,3781.186,3781.431,3777.857,3785.25,0.2,stable,three_modes_latest_20260723_plus_formal_small_token,torch_profiler_kernel_external_id_or_existing_mode_parser,
h20,ordinary_context,context,2,off,2048,3,4448.048;4453.454;4454.668,4453.454,4452.057,4448.048,4454.668,0.15,stable,three_modes_latest_20260723_plus_formal_small_token,torch_profiler_kernel_external_id_or_existing_mode_parser,
h20,ordinary_context,context,2,off,4096,3,7476.756;7517.621;7528.441,7517.621,7507.606,7476.756,7528.441,0.69,stable,three_modes_latest_20260723_plus_formal_small_token,torch_profiler_kernel_external_id_or_existing_mode_parser,
h20,ordinary_context,context,2,off,5120,3,8956.057;8995.004;9011.361,8995.004,8987.474,8956.057,9011.361,0.61,stable,three_modes_latest_20260723_plus_formal_small_token,torch_profiler_kernel_external_id_or_existing_mode_parser,
h20,ordinary_context,context,2,off,8192,3,13532.552;13573.926;13614.962,13573.926,13573.813,13532.552,13614.962,0.61,stable,three_modes_latest_20260723_plus_formal_small_token,torch_profiler_kernel_external_id_or_existing_mode_parser,
h20,ordinary_context,context,2,off,12288,3,19110.297;19152.583;19154.719,19152.583,19139.2,19110.297,19154.719,0.23,stable,three_modes_latest_20260723_plus_formal_small_token,torch_profiler_kernel_external_id_or_existing_mode_parser,
h20,ordinary_context,context,2,off,16384,3,25265.554;25406.178;25436.119,25406.178,25369.284,25265.554,25436.119,0.67,stable,three_modes_latest_20260723_plus_formal_small_token,torch_profiler_kernel_external_id_or_existing_mode_parser,
h20,ordinary_context,context,2,on,1,3,172.386;172.480;173.057,172.48,172.641,172.38600000000002,173.05700000000002,0.3890306122448935,stable,aic_covered_context_truth_supplement_20260725,torch_profiler_kernel_external_id_or_existing_mode_parser,AIC-covered truth supplement; wideep_generation token40 excluded because nsys event-node parser produced no valid truth.
h20,ordinary_context,context,2,on,2,3,310.240;310.273;310.464,310.273,310.3256666666667,310.24,310.46400000000006,0.0721944867906799,stable,aic_covered_context_truth_supplement_20260725,torch_profiler_kernel_external_id_or_existing_mode_parser,AIC-covered truth supplement; wideep_generation token40 excluded because nsys event-node parser produced no valid truth.
h20,ordinary_context,context,2,on,4,3,418.530;420.191;420.704,420.191,419.808,418.53,420.704,0.52,stable,three_modes_latest_20260723_plus_formal_small_token,torch_profiler_kernel_external_id_or_existing_mode_parser,
h20,ordinary_context,context,2,on,8,3,751.424;754.175;755.168,754.175,753.589,751.424,755.168,0.5,stable,three_modes_latest_20260723_plus_formal_small_token,torch_profiler_kernel_external_id_or_existing_mode_parser,
h20,ordinary_context,context,2,on,16,3,1063.940;1064.388;1064.548,1064.388,1064.292,1063.94,1064.548,0.0571220269300243,stable,aic_covered_context_truth_supplement_20260725,torch_profiler_kernel_external_id_or_existing_mode_parser,AIC-covered truth supplement; wideep_generation token40 excluded because nsys event-node parser produced no valid truth.
h20,ordinary_context,context,2,on,32,3,1664.773;1669.829;1677.604,1669.829,1670.735,1664.773,1677.604,0.77,stable,three_modes_latest_20260723_plus_formal_small_token,torch_profiler_kernel_external_id_or_existing_mode_parser,
h20,ordinary_context,context,2,on,64,3,2086.560;2088.962;2093.055,2088.962,2089.526,2086.56,2093.055,0.31,stable,three_modes_latest_20260723_plus_formal_small_token,torch_profiler_kernel_external_id_or_existing_mode_parser,
h20,ordinary_context,context,2,on,128,3,2499.272;2499.463;2507.944,2499.463,2502.226,2499.272,2507.944,0.35,stable,three_modes_latest_20260723_plus_formal_small_token,torch_profiler_kernel_external_id_or_existing_mode_parser,
h20,ordinary_context,context,2,on,512,3,2852.616;2859.146;2866.121,2859.146,2859.294,2852.616,2866.121,0.47,stable,three_modes_latest_20260723_plus_formal_small_token,torch_profiler_kernel_external_id_or_existing_mode_parser,
h20,ordinary_context,context,2,on,640,3,2887.052;2887.786;2897.608,2887.786,2890.815,2887.052,2897.608,0.37,stable,three_modes_latest_20260723_plus_formal_small_token,torch_profiler_kernel_external_id_or_existing_mode_parser,
h20,ordinary_context,context,2,on,896,3,3024.329;3028.482;3030.819,3028.482,3027.877,3024.329,3030.819,0.21,stable,three_modes_latest_20260723_plus_formal_small_token,torch_profiler_kernel_external_id_or_existing_mode_parser,
h20,ordinary_context,context,2,on,1536,3,3787.363;3796.576;3800.419,3796.576,3794.786,3787.363,3800.419,0.34,stable,three_modes_latest_20260723_plus_formal_small_token,torch_profiler_kernel_external_id_or_existing_mode_parser,
h20,ordinary_context,context,2,on,2048,3,4465.167;4475.215;4478.094,4475.215,4472.825,4465.167,4478.094,0.29,stable,three_modes_latest_20260723_plus_formal_small_token,torch_profiler_kernel_external_id_or_existing_mode_parser,
h20,ordinary_context,context,2,on,4096,3,7520.248;7533.116;7556.284,7533.116,7536.549,7520.248,7556.284,0.48,stable,three_modes_latest_20260723_plus_formal_small_token,torch_profiler_kernel_external_id_or_existing_mode_parser,
h20,ordinary_context,context,2,on,5120,3,8971.645;9004.033;9016.387,9004.033,8997.355,8971.645,9016.387,0.5,stable,three_modes_latest_20260723_plus_formal_small_token,torch_profiler_kernel_external_id_or_existing_mode_parser,
h20,ordinary_context,context,2,on,8192,3,13588.736;13625.555;13647.414,13625.555,13620.568,13588.736,13647.414,0.43,stable,three_modes_latest_20260723_plus_formal_small_token,torch_profiler_kernel_external_id_or_existing_mode_parser,
h20,ordinary_context,context,2,on,12288,3,19107.896;19200.617;19215.464,19200.617,19174.659,19107.896,19215.464,0.56,stable,three_modes_latest_20260723_plus_formal_small_token,torch_profiler_kernel_external_id_or_existing_mode_parser,
h20,ordinary_context,context,2,on,16384,3,25340.973;25471.954;25479.168,25471.954,25430.698,25340.973,25479.168,0.54,stable,three_modes_latest_20260723_plus_formal_small_token,torch_profiler_kernel_external_id_or_existing_mode_parser,
h20,ordinary_context,context,4,off,1,3,126.816;127.296;127.392,127.296,127.168,126.816,127.392,0.4524886877828002,stable,aic_covered_context_truth_supplement_20260725,torch_profiler_kernel_external_id_or_existing_mode_parser,AIC-covered truth supplement; wideep_generation token40 excluded because nsys event-node parser produced no valid truth.
h20,ordinary_context,context,4,off,2,3,206.240;209.920;213.184,209.92,209.7813333333333,206.24,213.184,3.307926829268287,stable,aic_covered_context_truth_supplement_20260725,torch_profiler_kernel_external_id_or_existing_mode_parser,AIC-covered truth supplement; wideep_generation token40 excluded because nsys event-node parser produced no valid truth.
h20,ordinary_context,context,4,off,4,3,306.080;306.464;307.168,306.464,306.571,306.08,307.168,0.36,stable,three_modes_latest_20260723_plus_formal_small_token,torch_profiler_kernel_external_id_or_existing_mode_parser,
h20,ordinary_context,context,4,off,8,3,436.641;437.536;438.561,437.536,437.579,436.641,438.561,0.44,stable,three_modes_latest_20260723_plus_formal_small_token,torch_profiler_kernel_external_id_or_existing_mode_parser,
h20,ordinary_context,context,4,off,16,3,632.482;632.640;633.056,632.64,632.726,632.4820000000001,633.056,0.0907309054122337,stable,aic_covered_context_truth_supplement_20260725,torch_profiler_kernel_external_id_or_existing_mode_parser,AIC-covered truth supplement; wideep_generation token40 excluded because nsys event-node parser produced no valid truth.
h20,ordinary_context,context,4,off,32,3,997.665;997.729;997.730,997.729,997.708,997.665,997.73,0.01,stable,three_modes_latest_20260723_plus_formal_small_token,torch_profiler_kernel_external_id_or_existing_mode_parser,
h20,ordinary_context,context,4,off,64,3,1157.505;1157.988;1160.289,1157.988,1158.594,1157.505,1160.289,0.24,stable,three_modes_latest_20260723_plus_formal_small_token,torch_profiler_kernel_external_id_or_existing_mode_parser,
h20,ordinary_context,context,4,off,128,3,1344.098;1344.385;1346.018,1344.385,1344.834,1344.098,1346.018,0.14,stable,three_modes_latest_20260723_plus_formal_small_token,torch_profiler_kernel_external_id_or_existing_mode_parser,
h20,ordinary_context,context,4,off,512,3,1508.353;1510.754;1512.129,1510.754,1510.412,1508.353,1512.129,0.25,stable,three_modes_latest_20260723_plus_formal_small_token,torch_profiler_kernel_external_id_or_existing_mode_parser,
h20,ordinary_context,context,4,off,640,3,1542.556;1544.802;1546.401,1544.802,1544.586,1542.556,1546.401,0.25,stable,three_modes_latest_20260723_plus_formal_small_token,torch_profiler_kernel_external_id_or_existing_mode_parser,
h20,ordinary_context,context,4,off,896,3,1674.145;1675.904;1675.938,1675.904,1675.329,1674.145,1675.938,0.11,stable,three_modes_latest_20260723_plus_formal_small_token,torch_profiler_kernel_external_id_or_existing_mode_parser,
h20,ordinary_context,context,4,off,1536,3,2207.579;2207.899;2212.377,2207.899,2209.285,2207.579,2212.377,0.22,stable,three_modes_latest_20260723_plus_formal_small_token,torch_profiler_kernel_external_id_or_existing_mode_parser,
h20,ordinary_context,context,4,off,2048,3,2629.977;2634.586;2636.379,2634.586,2633.647,2629.977,2636.379,0.24,stable,three_modes_latest_20260723_plus_formal_small_token,torch_profiler_kernel_external_id_or_existing_mode_parser,
h20,ordinary_context,context,4,off,4096,3,4396.325;4405.216;4408.390,4405.216,4403.31,4396.325,4408.39,0.27,stable,three_modes_latest_20260723_plus_formal_small_token,torch_profiler_kernel_external_id_or_existing_mode_parser,
h20,ordinary_context,context,4,off,5120,3,5357.960;5362.020;5362.278,5362.02,5360.753,5357.96,5362.278,0.08,stable,three_modes_latest_20260723_plus_formal_small_token,torch_profiler_kernel_external_id_or_existing_mode_parser,
h20,ordinary_context,context,4,off,8192,3,8073.581;8076.294;8076.552,8076.294,8075.476,8073.581,8076.552,0.04,stable,three_modes_latest_20260723_plus_formal_small_token,torch_profiler_kernel_external_id_or_existing_mode_parser,
h20,ordinary_context,context,4,off,12288,3,11679.053;11691.983;11702.285,11691.983,11691.107,11679.053,11702.285,0.2,stable,three_modes_latest_20260723_plus_formal_small_token,torch_profiler_kernel_external_id_or_existing_mode_parser,
h20,ordinary_context,context,4,off,16384,3,15399.348;15418.647;15437.234,15418.647,15418.41,15399.348,15437.234,0.25,stable,three_modes_latest_20260723_plus_formal_small_token,torch_profiler_kernel_external_id_or_existing_mode_parser,
h20,ordinary_context,context,4,on,1,3,134.049;134.114;134.528,134.11399999999998,134.23033333333333,134.049,134.528,0.3571588350209412,stable,aic_covered_context_truth_supplement_20260725,torch_profiler_kernel_external_id_or_existing_mode_parser,AIC-covered truth supplement; wideep_generation token40 excluded because nsys event-node parser produced no valid truth.
h20,ordinary_context,context,4,on,2,3,213.888;214.304;217.440,214.304,215.2106666666667,213.888,217.44000000000003,1.6574585635359211,stable,aic_covered_context_truth_supplement_20260725,torch_profiler_kernel_external_id_or_existing_mode_parser,AIC-covered truth supplement; wideep_generation token40 excluded because nsys event-node parser produced no valid truth.
h20,ordinary_context,context,4,on,4,3,311.839;313.184;313.473,313.184,312.832,311.839,313.473,0.52,stable,three_modes_latest_20260723_plus_formal_small_token,torch_profiler_kernel_external_id_or_existing_mode_parser,
h20,ordinary_context,context,4,on,8,3,443.809;444.321;445.281,444.321,444.47,443.809,445.281,0.33,stable,three_modes_latest_20260723_plus_formal_small_token,torch_profiler_kernel_external_id_or_existing_mode_parser,
h20,ordinary_context,context,4,on,16,3,638.465;638.849;641.409,638.849,639.5743333333334,638.4649999999999,641.409,0.4608287717441952,stable,aic_covered_context_truth_supplement_20260725,torch_profiler_kernel_external_id_or_existing_mode_parser,AIC-covered truth supplement; wideep_generation token40 excluded because nsys event-node parser produced no valid truth.
h20,ordinary_context,context,4,on,32,3,1003.330;1004.064;1005.505,1004.064,1004.3,1003.33,1005.505,0.22,stable,three_modes_latest_20260723_plus_formal_small_token,torch_profiler_kernel_external_id_or_existing_mode_parser,
h20,ordinary_context,context,4,on,64,3,1168.289;1168.738;1169.890,1168.738,1168.972,1168.289,1169.89,0.14,stable,three_modes_latest_20260723_plus_formal_small_token,torch_profiler_kernel_external_id_or_existing_mode_parser,
h20,ordinary_context,context,4,on,128,3,1352.386;1356.224;1357.346,1356.224,1355.319,1352.386,1357.346,0.37,stable,three_modes_latest_20260723_plus_formal_small_token,torch_profiler_kernel_external_id_or_existing_mode_parser,
h20,ordinary_context,context,4,on,512,3,1520.549;1522.274;1523.491,1522.274,1522.105,1520.549,1523.491,0.19,stable,three_modes_latest_20260723_plus_formal_small_token,torch_profiler_kernel_external_id_or_existing_mode_parser,
h20,ordinary_context,context,4,on,640,3,1554.625;1556.705;1557.441,1556.705,1556.257,1554.625,1557.441,0.18,stable,three_modes_latest_20260723_plus_formal_small_token,torch_profiler_kernel_external_id_or_existing_mode_parser,
h20,ordinary_context,context,4,on,896,3,1687.425;1688.931;1689.954,1688.931,1688.77,1687.425,1689.954,0.15,stable,three_modes_latest_20260723_plus_formal_small_token,torch_profiler_kernel_external_id_or_existing_mode_parser,
h20,ordinary_context,context,4,on,1536,3,2223.066;2224.283;2229.947,2224.283,2225.765,2223.066,2229.947,0.31,stable,three_modes_latest_20260723_plus_formal_small_token,torch_profiler_kernel_external_id_or_existing_mode_parser,
h20,ordinary_context,context,4,on,2048,3,2631.258;2643.770;2644.889,2643.77,2639.972,2631.258,2644.889,0.52,stable,three_modes_latest_20260723_plus_formal_small_token,torch_profiler_kernel_external_id_or_existing_mode_parser,
h20,ordinary_context,context,4,on,4096,3,4403.555;4424.292;4431.908,4424.292,4419.918,4403.555,4431.908,0.64,stable,three_modes_latest_20260723_plus_formal_small_token,torch_profiler_kernel_external_id_or_existing_mode_parser,
h20,ordinary_context,context,4,on,5120,3,5376.071;5376.998;5383.719,5376.998,5378.929,5376.071,5383.719,0.14,stable,three_modes_latest_20260723_plus_formal_small_token,torch_profiler_kernel_external_id_or_existing_mode_parser,
h20,ordinary_context,context,4,on,8192,3,8072.362;8077.707;8090.407,8077.707,8080.159,8072.362,8090.407,0.22,stable,three_modes_latest_20260723_plus_formal_small_token,torch_profiler_kernel_external_id_or_existing_mode_parser,
h20,ordinary_context,context,4,on,12288,3,11692.721;11714.480;11716.176,11714.48,11707.792,11692.721,11716.176,0.2,stable,three_modes_latest_20260723_plus_formal_small_token,torch_profiler_kernel_external_id_or_existing_mode_parser,
h20,ordinary_context,context,4,on,16384,3,15440.855;15449.494;15457.559,15449.494,15449.303,15440.855,15457.559,0.11,stable,three_modes_latest_20260723_plus_formal_small_token,torch_profiler_kernel_external_id_or_existing_mode_parser,
h20,ordinary_context,context,8,off,1,3,117.633;117.824;118.144,117.824,117.867,117.63300000000002,118.144,0.4336977186311629,stable,aic_covered_context_truth_supplement_20260725,torch_profiler_kernel_external_id_or_existing_mode_parser,AIC-covered truth supplement; wideep_generation token40 excluded because nsys event-node parser produced no valid truth.
h20,ordinary_context,context,8,off,2,3,128.801;129.952;130.176,129.952,129.643,128.801,130.17600000000002,1.0580829844866015,stable,aic_covered_context_truth_supplement_20260725,torch_profiler_kernel_external_id_or_existing_mode_parser,AIC-covered truth supplement; wideep_generation token40 excluded because nsys event-node parser produced no valid truth.
h20,ordinary_context,context,8,off,4,3,217.791;218.336;218.368,218.336,218.165,217.791,218.368,0.26,stable,three_modes_latest_20260723_plus_formal_small_token,torch_profiler_kernel_external_id_or_existing_mode_parser,
h20,ordinary_context,context,8,off,8,3,279.937;280.385;280.801,280.385,280.374,279.937,280.801,0.31,stable,three_modes_latest_20260723_plus_formal_small_token,torch_profiler_kernel_external_id_or_existing_mode_parser,
h20,ordinary_context,context,8,off,16,3,385.344;387.873;388.096,387.873,387.1043333333334,385.3440000000001,388.096,0.709510587228267,stable,aic_covered_context_truth_supplement_20260725,torch_profiler_kernel_external_id_or_existing_mode_parser,AIC-covered truth supplement; wideep_generation token40 excluded because nsys event-node parser produced no valid truth.
h20,ordinary_context,context,8,off,32,3,595.457;619.968;622.880,619.968,612.768,595.457,622.88,4.42,stable,three_modes_latest_20260723_plus_formal_small_token,torch_profiler_kernel_external_id_or_existing_mode_parser,
h20,ordinary_context,context,8,off,64,3,668.640;670.208;670.785,670.208,669.878,668.64,670.785,0.32,stable,three_modes_latest_20260723_plus_formal_small_token,torch_profiler_kernel_external_id_or_existing_mode_parser,
h20,ordinary_context,context,8,off,128,3,739.138;740.161;743.201,740.161,740.833,739.138,743.201,0.55,stable,three_modes_latest_20260723_plus_formal_small_token,torch_profiler_kernel_external_id_or_existing_mode_parser,
h20,ordinary_context,context,8,off,512,3,821.185;822.945;823.649,822.945,822.593,821.185,823.649,0.3,stable,three_modes_latest_20260723_plus_formal_small_token,torch_profiler_kernel_external_id_or_existing_mode_parser,
h20,ordinary_context,context,8,off,640,3,868.705;868.800;871.233,868.8,869.579,868.705,871.233,0.29,stable,three_modes_latest_20260723_plus_formal_small_token,torch_profiler_kernel_external_id_or_existing_mode_parser,
h20,ordinary_context,context,8,off,896,3,976.350;981.537;984.126,981.537,980.671,976.35,984.126,0.79,stable,three_modes_latest_20260723_plus_formal_small_token,torch_profiler_kernel_external_id_or_existing_mode_parser,
h20,ordinary_context,context,8,off,1536,3,1352.225;1354.817;1368.065,1354.817,1358.369,1352.225,1368.065,1.17,stable,three_modes_latest_20260723_plus_formal_small_token,torch_profiler_kernel_external_id_or_existing_mode_parser,
h20,ordinary_context,context,8,off,2048,3,1551.971;1552.291;1552.901,1552.291,1552.388,1551.971,1552.901,0.06,stable,three_modes_latest_20260723_plus_formal_small_token,torch_profiler_kernel_external_id_or_existing_mode_parser,
h20,ordinary_context,context,8,off,4096,3,2627.779;2636.682;2637.062,2636.682,2633.841,2627.779,2637.062,0.35,stable,three_modes_latest_20260723_plus_formal_small_token,torch_profiler_kernel_external_id_or_existing_mode_parser,
h20,ordinary_context,context,8,off,5120,3,3239.176;3242.759;3246.469,3242.759,3242.801,3239.176,3246.469,0.22,stable,three_modes_latest_20260723_plus_formal_small_token,torch_profiler_kernel_external_id_or_existing_mode_parser,
h20,ordinary_context,context,8,off,8192,3,4923.527;4958.793;4959.748,4958.793,4947.356,4923.527,4959.748,0.73,stable,three_modes_latest_20260723_plus_formal_small_token,torch_profiler_kernel_external_id_or_existing_mode_parser,
h20,ordinary_context,context,8,off,12288,3,7158.320;7197.126;7202.476,7197.126,7185.974,7158.32,7202.476,0.61,stable,three_modes_latest_20260723_plus_formal_small_token,torch_profiler_kernel_external_id_or_existing_mode_parser,
h20,ordinary_context,context,8,off,16384,3,9459.242;9504.854;9516.536,9504.854,9493.544,9459.242,9516.536,0.6,stable,three_modes_latest_20260723_plus_formal_small_token,torch_profiler_kernel_external_id_or_existing_mode_parser,
h20,ordinary_context,context,8,on,1,3,124.032;124.449;124.960,124.449,124.48033333333332,124.032,124.96,0.7456869882441781,stable,aic_covered_context_truth_supplement_20260725,torch_profiler_kernel_external_id_or_existing_mode_parser,AIC-covered truth supplement; wideep_generation token40 excluded because nsys event-node parser produced no valid truth.
h20,ordinary_context,context,8,on,2,3,135.968;136.001;136.480,136.001,136.14966666666666,135.968,136.48,0.3764678200895585,stable,aic_covered_context_truth_supplement_20260725,torch_profiler_kernel_external_id_or_existing_mode_parser,AIC-covered truth supplement; wideep_generation token40 excluded because nsys event-node parser produced no valid truth.
h20,ordinary_context,context,8,on,4,3,225.025;225.440;225.728,225.44,225.398,225.025,225.728,0.31,stable,three_modes_latest_20260723_plus_formal_small_token,torch_profiler_kernel_external_id_or_existing_mode_parser,
h20,ordinary_context,context,8,on,8,3,286.080;287.456;287.553,287.456,287.03,286.08,287.553,0.51,stable,three_modes_latest_20260723_plus_formal_small_token,torch_profiler_kernel_external_id_or_existing_mode_parser,
h20,ordinary_context,context,8,on,16,3,393.888;394.561;396.865,394.561,395.1046666666666,393.888,396.865,0.7545094421394999,stable,aic_covered_context_truth_supplement_20260725,torch_profiler_kernel_external_id_or_existing_mode_parser,AIC-covered truth supplement; wideep_generation token40 excluded because nsys event-node parser produced no valid truth.
h20,ordinary_context,context,8,on,32,3,630.273;630.624;632.672,630.624,631.19,630.273,632.672,0.38,stable,three_modes_latest_20260723_plus_formal_small_token,torch_profiler_kernel_external_id_or_existing_mode_parser,
h20,ordinary_context,context,8,on,64,3,678.209;678.466;681.376,678.466,679.35,678.209,681.376,0.47,stable,three_modes_latest_20260723_plus_formal_small_token,torch_profiler_kernel_external_id_or_existing_mode_parser,
h20,ordinary_context,context,8,on,128,3,751.680;752.001;754.913,752.001,752.865,751.68,754.913,0.43,stable,three_modes_latest_20260723_plus_formal_small_token,torch_profiler_kernel_external_id_or_existing_mode_parser,
h20,ordinary_context,context,8,on,512,3,834.978;835.809;836.961,835.809,835.916,834.978,836.961,0.24,stable,three_modes_latest_20260723_plus_formal_small_token,torch_profiler_kernel_external_id_or_existing_mode_parser,
h20,ordinary_context,context,8,on,640,3,877.314;879.522;879.777,879.522,878.871,877.314,879.777,0.28,stable,three_modes_latest_20260723_plus_formal_small_token,torch_profiler_kernel_external_id_or_existing_mode_parser,
h20,ordinary_context,context,8,on,896,3,994.334;996.383;996.511,996.383,995.743,994.334,996.511,0.22,stable,three_modes_latest_20260723_plus_formal_small_token,torch_profiler_kernel_external_id_or_existing_mode_parser,
h20,ordinary_context,context,8,on,1536,3,1366.721;1367.362;1372.929,1367.362,1369.004,1366.721,1372.929,0.45,stable,three_modes_latest_20260723_plus_formal_small_token,torch_profiler_kernel_external_id_or_existing_mode_parser,
h20,ordinary_context,context,8,on,2048,3,1564.226;1566.019;1566.277,1566.019,1565.507,1564.226,1566.277,0.13,stable,three_modes_latest_20260723_plus_formal_small_token,torch_profiler_kernel_external_id_or_existing_mode_parser,
h20,ordinary_context,context,8,on,4096,3,2642.695;2645.256;2645.667,2645.256,2644.539,2642.695,2645.667,0.11,stable,three_modes_latest_20260723_plus_formal_small_token,torch_profiler_kernel_external_id_or_existing_mode_parser,
h20,ordinary_context,context,8,on,5120,3,3260.006;3261.032;3267.591,3261.032,3262.876,3260.006,3267.591,0.23,stable,three_modes_latest_20260723_plus_formal_small_token,torch_profiler_kernel_external_id_or_existing_mode_parser,
h20,ordinary_context,context,8,on,8192,3,4945.225;4952.329;4976.424,4952.329,4957.993,4945.225,4976.424,0.63,stable,three_modes_latest_20260723_plus_formal_small_token,torch_profiler_kernel_external_id_or_existing_mode_parser,
h20,ordinary_context,context,8,on,12288,3,7180.588;7207.082;7226.731,7207.082,7204.8,7180.588,7226.731,0.64,stable,three_modes_latest_20260723_plus_formal_small_token,torch_profiler_kernel_external_id_or_existing_mode_parser,
h20,ordinary_context,context,8,on,16384,3,9501.303;9501.719;9531.183,9501.719,9511.402,9501.303,9531.183,0.31,stable,three_modes_latest_20260723_plus_formal_small_token,torch_profiler_kernel_external_id_or_existing_mode_parser,
h20,ordinary_generation,generation,1,off,1,3,210.199;210.294;210.860,210.29433333333333,210.451,210.199,210.85966666666664,0.313928974757368,stable,ordinary_generation_small_token_truth_20260724_formal,kernel_external_id_local_generation_scope,
h20,ordinary_generation,generation,1,off,2,6,327.457;351.020;352.001;375.031;375.979;378.338,363.516,359.971,327.45733333333334,378.3376666666667,14.134564543625276,minor_jitter,ordinary_generation_small_token_truth_20260724_formal,kernel_external_id_local_generation_scope,
h20,ordinary_generation,generation,1,off,4,3,619.522;654.254;659.245,654.254,644.3405555555555,619.5223333333333,659.2453333333333,6.1649076187281855,stable,ordinary_generation_small_token_truth_20260724_formal,kernel_external_id_local_generation_scope,
h20,ordinary_generation,generation,1,off,8,3,977.637;980.034;1001.123,980.034,986.265,977.637,1001.123,2.4,stable,three_modes_latest_20260723_plus_formal_small_token,torch_profiler_kernel_external_id_or_existing_mode_parser,
h20,ordinary_generation,generation,1,off,16,3,1603.110;1620.145;1679.036,1620.1453333333334,1634.0972222222224,1603.11,1679.0363333333337,4.646377969487086,stable,ordinary_generation_small_token_truth_20260724_formal,kernel_external_id_local_generation_scope,
h20,ordinary_generation,generation,1,off,32,3,2154.856;2161.255;2166.119,2161.255,2160.743,2154.856,2166.119,0.52,stable,three_modes_latest_20260723_plus_formal_small_token,torch_profiler_kernel_external_id_or_existing_mode_parser,
h20,ordinary_generation,generation,1,off,40,3,2501.097;2501.224;2504.521,2501.224,2502.281,2501.097,2504.521,0.14,stable,three_modes_latest_20260723_plus_formal_small_token,torch_profiler_kernel_external_id_or_existing_mode_parser,
h20,ordinary_generation,generation,1,off,64,3,3186.445;3188.492;3189.355,3188.492,3188.097,3186.445,3189.355,0.09,stable,three_modes_latest_20260723_plus_formal_small_token,torch_profiler_kernel_external_id_or_existing_mode_parser,
h20,ordinary_generation,generation,1,off,128,3,3676.780;3684.365;3699.375,3684.365,3686.84,3676.78,3699.375,0.61,stable,three_modes_latest_20260723_plus_formal_small_token,torch_profiler_kernel_external_id_or_existing_mode_parser,
h20,ordinary_generation,generation,1,off,288,3,4703.026;4703.538;4711.572,4703.538,4706.045,4703.026,4711.572,0.18,stable,three_modes_latest_20260723_plus_formal_small_token,torch_profiler_kernel_external_id_or_existing_mode_parser,
h20,ordinary_generation,generation,1,off,512,3,5126.067;5135.603;5170.902,5135.603,5144.191,5126.067,5170.902,0.87,stable,three_modes_latest_20260723_plus_formal_small_token,torch_profiler_kernel_external_id_or_existing_mode_parser,
h20,ordinary_generation,generation,1,off,896,3,5184.022;5187.347;5195.092,5187.347,5188.82,5184.022,5195.092,0.21,stable,three_modes_latest_20260723_plus_formal_small_token,torch_profiler_kernel_external_id_or_existing_mode_parser,
h20,ordinary_generation,generation,1,off,1024,3,6120.694;6138.424;6144.791,6138.424,6134.636,6120.694,6144.791,0.39,stable,three_modes_latest_20260723_plus_formal_small_token,torch_profiler_kernel_external_id_or_existing_mode_parser,
h20,ordinary_generation,generation,1,off,1280,3,6675.897;6681.760;6709.079,6681.76,6688.912,6675.897,6709.079,0.5,stable,three_modes_latest_20260723_plus_formal_small_token,torch_profiler_kernel_external_id_or_existing_mode_parser,
h20,ordinary_generation,generation,1,off,4096,3,13938.199;13969.491;13991.076,13969.491,13966.255,13938.199,13991.076,0.38,stable,three_modes_latest_20260723_plus_formal_small_token,torch_profiler_kernel_external_id_or_existing_mode_parser,
h20,ordinary_generation,generation,1,off,8192,3,13973.333;14047.160;14048.471,14047.16,14022.988,13973.333,14048.471,0.53,stable,three_modes_latest_20260723_plus_formal_small_token,torch_profiler_kernel_external_id_or_existing_mode_parser,
h20,ordinary_generation,generation,1,off,16384,3,14000.282;14007.672;14016.662,14007.672,14008.205,14000.282,14016.662,0.12,stable,three_modes_latest_20260723_plus_formal_small_token,torch_profiler_kernel_external_id_or_existing_mode_parser,
h20,ordinary_generation,generation,2,off,1,3,181.441;181.729;198.027,181.7286666666667,187.06566666666663,181.441,198.02733333333333,8.866583392284703,stable,ordinary_generation_small_token_truth_20260724_formal,kernel_external_id_local_generation_scope,
h20,ordinary_generation,generation,2,off,2,4,223.253;248.555;275.275;316.428,275.275333,280.086,223.253333,316.428,33.26644923344973,stable_cluster_selected,ordinary_generation_small_token_truth_20260724_formal,kernel_external_id_local_generation_scope,
h20,ordinary_generation,generation,2,off,4,5,331.767;375.553;385.249;388.908;391.254,385.2486666666667,374.5459333333334,331.76666666666665,391.2536666666667,15.882431153526523,minor_jitter,ordinary_generation_small_token_truth_20260724_formal,kernel_external_id_local_generation_scope,
h20,ordinary_generation,generation,2,off,8,3,649.025;649.152;650.785,649.152,649.654,649.025,650.785,0.27,stable,three_modes_latest_20260723_plus_formal_small_token,torch_profiler_kernel_external_id_or_existing_mode_parser,
h20,ordinary_generation,generation,2,off,16,3,917.878;934.498;964.792,934.498,939.055888888889,917.878,964.7916666666666,4.995833285511456,stable,ordinary_generation_small_token_truth_20260724_formal,kernel_external_id_local_generation_scope,
h20,ordinary_generation,generation,2,off,32,3,1344.192;1344.704;1348.289,1344.704,1345.728,1344.192,1348.289,0.3,stable,three_modes_latest_20260723_plus_formal_small_token,torch_profiler_kernel_external_id_or_existing_mode_parser,
h20,ordinary_generation,generation,2,off,40,3,1473.856;1474.946;1479.904,1474.946,1476.235,1473.856,1479.904,0.41,stable,three_modes_latest_20260723_plus_formal_small_token,torch_profiler_kernel_external_id_or_existing_mode_parser,
h20,ordinary_generation,generation,2,off,64,3,1662.978;1664.321;1667.009,1664.321,1664.769,1662.978,1667.009,0.24,stable,three_modes_latest_20260723_plus_formal_small_token,torch_profiler_kernel_external_id_or_existing_mode_parser,
h20,ordinary_generation,generation,2,off,128,3,1976.065;1977.314;1978.817,1977.314,1977.399,1976.065,1978.817,0.14,stable,three_modes_latest_20260723_plus_formal_small_token,torch_profiler_kernel_external_id_or_existing_mode_parser,
h20,ordinary_generation,generation,2,off,288,3,2460.226;2460.355;2461.092,2460.355,2460.558,2460.226,2461.092,0.04,stable,three_modes_latest_20260723_plus_formal_small_token,torch_profiler_kernel_external_id_or_existing_mode_parser,
h20,ordinary_generation,generation,2,off,512,3,2753.867;2754.059;2761.419,2754.059,2756.448,2753.867,2761.419,0.27,stable,three_modes_latest_20260723_plus_formal_small_token,torch_profiler_kernel_external_id_or_existing_mode_parser,
h20,ordinary_generation,generation,2,off,896,3,2740.587;2742.347;2743.753,2742.347,2742.229,2740.587,2743.753,0.12,stable,three_modes_latest_20260723_plus_formal_small_token,torch_profiler_kernel_external_id_or_existing_mode_parser,
h20,ordinary_generation,generation,2,off,1024,3,3244.996;3246.498;3254.916,3246.498,3248.803,3244.996,3254.916,0.31,stable,three_modes_latest_20260723_plus_formal_small_token,torch_profiler_kernel_external_id_or_existing_mode_parser,
h20,ordinary_generation,generation,2,off,1280,3,3463.908;3476.642;3479.653,3476.642,3473.401,3463.908,3479.653,0.45,stable,three_modes_latest_20260723_plus_formal_small_token,torch_profiler_kernel_external_id_or_existing_mode_parser,
h20,ordinary_generation,generation,2,off,4096,3,7446.271;7450.269;7469.856,7450.269,7455.465,7446.271,7469.856,0.32,stable,three_modes_latest_20260723_plus_formal_small_token,torch_profiler_kernel_external_id_or_existing_mode_parser,
h20,ordinary_generation,generation,2,off,8192,3,7710.443;7725.575;7728.773,7725.575,7721.597,7710.443,7728.773,0.24,stable,three_modes_latest_20260723_plus_formal_small_token,torch_profiler_kernel_external_id_or_existing_mode_parser,
h20,ordinary_generation,generation,2,off,16384,3,7764.672;7804.483;7813.115,7804.483,7794.09,7764.672,7813.115,0.62,stable,three_modes_latest_20260723_plus_formal_small_token,torch_profiler_kernel_external_id_or_existing_mode_parser,
h20,ordinary_generation,generation,2,on,1,3,187.990;188.683;205.270,188.68266666666668,193.9808888888889,187.99,205.27,8.90809403904623,stable,ordinary_generation_small_token_truth_20260724_formal,kernel_external_id_local_generation_scope,
h20,ordinary_generation,generation,2,on,2,5,229.995;242.112;255.265;281.558;288.140,255.265,259.4141333333333,229.995,288.14,22.4139676789648,minor_jitter,ordinary_generation_small_token_truth_20260724_formal,kernel_external_id_local_generation_scope,
h20,ordinary_generation,generation,2,on,4,6,340.364;380.375;381.985;392.428;392.779;398.219,387.2065,381.0248888888889,340.36366666666663,398.21866666666665,15.184047469631617,minor_jitter,ordinary_generation_small_token_truth_20260724_formal,kernel_external_id_local_generation_scope,
h20,ordinary_generation,generation,2,on,8,3,658.816;658.881;659.072,658.881,658.923,658.816,659.072,0.04,stable,three_modes_latest_20260723_plus_formal_small_token,torch_profiler_kernel_external_id_or_existing_mode_parser,
h20,ordinary_generation,generation,2,on,16,3,924.054;941.304;970.851,941.3036666666668,945.4027777777778,924.054,970.8506666666666,4.949918465086892,stable,ordinary_generation_small_token_truth_20260724_formal,kernel_external_id_local_generation_scope,
h20,ordinary_generation,generation,2,on,32,3,1353.825;1354.560;1355.010,1354.56,1354.465,1353.825,1355.01,0.09,stable,three_modes_latest_20260723_plus_formal_small_token,torch_profiler_kernel_external_id_or_existing_mode_parser,
h20,ordinary_generation,generation,2,on,40,3,1487.039;1487.938;1488.896,1487.938,1487.958,1487.039,1488.896,0.12,stable,three_modes_latest_20260723_plus_formal_small_token,torch_profiler_kernel_external_id_or_existing_mode_parser,
h20,ordinary_generation,generation,2,on,64,3,1671.107;1673.346;1676.577,1673.346,1673.677,1671.107,1676.577,0.33,stable,three_modes_latest_20260723_plus_formal_small_token,torch_profiler_kernel_external_id_or_existing_mode_parser,
h20,ordinary_generation,generation,2,on,128,3,1988.546;1989.667;1992.002,1989.667,1990.072,1988.546,1992.002,0.17,stable,three_modes_latest_20260723_plus_formal_small_token,torch_profiler_kernel_external_id_or_existing_mode_parser,
h20,ordinary_generation,generation,2,on,288,3,2477.283;2480.965;2481.475,2480.965,2479.908,2477.283,2481.475,0.17,stable,three_modes_latest_20260723_plus_formal_small_token,torch_profiler_kernel_external_id_or_existing_mode_parser,
h20,ordinary_generation,generation,2,on,512,3,2767.595;2768.012;2773.675,2768.012,2769.761,2767.595,2773.675,0.22,stable,three_modes_latest_20260723_plus_formal_small_token,torch_profiler_kernel_external_id_or_existing_mode_parser,
h20,ordinary_generation,generation,2,on,896,3,2752.364;2752.812;2758.379,2752.812,2754.518,2752.364,2758.379,0.22,stable,three_modes_latest_20260723_plus_formal_small_token,torch_profiler_kernel_external_id_or_existing_mode_parser,
h20,ordinary_generation,generation,2,on,1024,3,3255.684;3257.413;3263.328,3257.413,3258.808,3255.684,3263.328,0.23,stable,three_modes_latest_20260723_plus_formal_small_token,torch_profiler_kernel_external_id_or_existing_mode_parser,
h20,ordinary_generation,generation,2,on,1280,3,3475.268;3488.643;3493.860,3488.643,3485.924,3475.268,3493.86,0.53,stable,three_modes_latest_20260723_plus_formal_small_token,torch_profiler_kernel_external_id_or_existing_mode_parser,
h20,ordinary_generation,generation,2,on,4096,3,7461.760;7489.883;7508.704,7489.883,7486.782,7461.76,7508.704,0.63,stable,three_modes_latest_20260723_plus_formal_small_token,torch_profiler_kernel_external_id_or_existing_mode_parser,
h20,ordinary_generation,generation,2,on,8192,3,7728.235;7741.590;7743.656,7741.59,7737.827,7728.235,7743.656,0.2,stable,three_modes_latest_20260723_plus_formal_small_token,torch_profiler_kernel_external_id_or_existing_mode_parser,
h20,ordinary_generation,generation,2,on,16384,3,7795.493;7812.164;7828.320,7812.164,7811.992,7795.493,7828.32,0.42,stable,three_modes_latest_20260723_plus_formal_small_token,torch_profiler_kernel_external_id_or_existing_mode_parser,
h20,ordinary_generation,generation,4,off,1,5,116.832;117.548;135.648;137.451;138.998,135.6483333333333,129.29526666666666,116.83166666666668,138.99766666666667,17.14370569894541,minor_jitter,ordinary_generation_small_token_truth_20260724_formal,kernel_external_id_local_generation_scope,
h20,ordinary_generation,generation,4,off,2,4,170.464;172.096;181.099;183.478,176.59766666666667,176.78433333333328,170.46366666666663,183.47833333333327,7.361889156844581,stable_cluster_selected,ordinary_generation_small_token_truth_20260724_formal,kernel_external_id_local_generation_scope,
h20,ordinary_generation,generation,4,off,4,6,243.755;244.769;280.449;283.755;284.971;287.094,282.10183333333333,270.7986666666667,243.75466666666668,287.09366666666665,16.004140837719525,minor_jitter,ordinary_generation_small_token_truth_20260724_formal,kernel_external_id_local_generation_scope,
h20,ordinary_generation,generation,4,off,8,3,420.641;422.240;427.841,422.24,423.574,420.641,427.841,1.71,stable,three_modes_latest_20260723_plus_formal_small_token,torch_profiler_kernel_external_id_or_existing_mode_parser,
h20,ordinary_generation,generation,4,off,16,4,510.711;566.421;569.770;574.314,568.0958333333333,555.3041666666667,510.71066666666667,574.3143333333334,11.453842863895918,minor_jitter,ordinary_generation_small_token_truth_20260724_formal,kernel_external_id_local_generation_scope,
h20,ordinary_generation,generation,4,off,32,3,761.696;765.952;766.912,765.952,764.853,761.696,766.912,0.68,stable,three_modes_latest_20260723_plus_formal_small_token,torch_profiler_kernel_external_id_or_existing_mode_parser,
h20,ordinary_generation,generation,4,off,40,3,842.433;844.033;844.577,844.033,843.681,842.433,844.577,0.25,stable,three_modes_latest_20260723_plus_formal_small_token,torch_profiler_kernel_external_id_or_existing_mode_parser,
h20,ordinary_generation,generation,4,off,64,3,872.001;873.153;877.792,873.153,874.315,872.001,877.792,0.66,stable,three_modes_latest_20260723_plus_formal_small_token,torch_profiler_kernel_external_id_or_existing_mode_parser,
h20,ordinary_generation,generation,4,off,128,3,1075.040;1077.537;1078.338,1077.537,1076.972,1075.04,1078.338,0.31,stable,three_modes_latest_20260723_plus_formal_small_token,torch_profiler_kernel_external_id_or_existing_mode_parser,
h20,ordinary_generation,generation,4,off,288,3,1182.435;1184.385;1185.217,1184.385,1184.012,1182.435,1185.217,0.23,stable,three_modes_latest_20260723_plus_formal_small_token,torch_profiler_kernel_external_id_or_existing_mode_parser,
h20,ordinary_generation,generation,4,off,512,3,1505.378;1506.915;1507.234,1506.915,1506.509,1505.378,1507.234,0.12,stable,three_modes_latest_20260723_plus_formal_small_token,torch_profiler_kernel_external_id_or_existing_mode_parser,
h20,ordinary_generation,generation,4,off,896,3,1647.165;1657.350;1660.188,1657.35,1654.901,1647.165,1660.188,0.79,stable,three_modes_latest_20260723_plus_formal_small_token,torch_profiler_kernel_external_id_or_existing_mode_parser,
h20,ordinary_generation,generation,4,off,1024,3,1792.770;1794.369;1795.873,1794.369,1794.337,1792.77,1795.873,0.17,stable,three_modes_latest_20260723_plus_formal_small_token,torch_profiler_kernel_external_id_or_existing_mode_parser,
h20,ordinary_generation,generation,4,off,1280,3,2055.810;2058.210;2058.403,2058.21,2057.474,2055.81,2058.403,0.13,stable,three_modes_latest_20260723_plus_formal_small_token,torch_profiler_kernel_external_id_or_existing_mode_parser,
h20,ordinary_generation,generation,4,off,4096,3,4519.557;4525.542;4527.236,4525.542,4524.112,4519.557,4527.236,0.17,stable,three_modes_latest_20260723_plus_formal_small_token,torch_profiler_kernel_external_id_or_existing_mode_parser,
h20,ordinary_generation,generation,4,off,8192,3,5152.305;5154.537;5169.394,5154.537,5158.745,5152.305,5169.394,0.33,stable,three_modes_latest_20260723_plus_formal_small_token,torch_profiler_kernel_external_id_or_existing_mode_parser,
h20,ordinary_generation,generation,4,off,16384,3,5249.046;5253.718;5255.989,5253.718,5252.918,5249.046,5255.989,0.13,stable,three_modes_latest_20260723_plus_formal_small_token,torch_profiler_kernel_external_id_or_existing_mode_parser,
h20,ordinary_generation,generation,4,on,1,5,124.054;125.920;143.296;145.622;145.984,143.29566666666668,136.97493333333335,124.05366666666669,145.98366666666666,16.010228635507016,minor_jitter,ordinary_generation_small_token_truth_20260724_formal,kernel_external_id_local_generation_scope,
h20,ordinary_generation,generation,4,on,2,3,186.241;190.529;243.552,190.5293333333333,206.7741111111111,186.24066666666667,243.5523333333333,27.71704173152989,minor_jitter,ordinary_generation_small_token_truth_20260724_formal,kernel_external_id_local_generation_scope,
h20,ordinary_generation,generation,4,on,4,4,250.625;288.246;288.427;291.264,288.3365,279.6405833333333,250.6253333333333,291.264,14.532463844214323,minor_jitter,ordinary_generation_small_token_truth_20260724_formal,kernel_external_id_local_generation_scope,
h20,ordinary_generation,generation,4,on,8,3,429.441;430.689;435.938,430.689,432.023,429.441,435.938,1.51,stable,three_modes_latest_20260723_plus_formal_small_token,torch_profiler_kernel_external_id_or_existing_mode_parser,
h20,ordinary_generation,generation,4,on,16,6,518.060;521.388;572.651;575.158;576.236;577.835,573.9045,556.8879444444443,518.06,577.8346666666666,10.733697373588928,minor_jitter,ordinary_generation_small_token_truth_20260724_formal,kernel_external_id_local_generation_scope,
h20,ordinary_generation,generation,4,on,32,3,763.843;768.514;770.177,768.514,767.511,763.843,770.177,0.82,stable,three_modes_latest_20260723_plus_formal_small_token,torch_profiler_kernel_external_id_or_existing_mode_parser,
h20,ordinary_generation,generation,4,on,40,3,846.593;853.408;854.497,853.408,851.499,846.593,854.497,0.93,stable,three_modes_latest_20260723_plus_formal_small_token,torch_profiler_kernel_external_id_or_existing_mode_parser,
h20,ordinary_generation,generation,4,on,64,3,881.120;885.762;887.551,885.762,884.811,881.12,887.551,0.73,stable,three_modes_latest_20260723_plus_formal_small_token,torch_profiler_kernel_external_id_or_existing_mode_parser,
h20,ordinary_generation,generation,4,on,128,3,1076.353;1085.122;1086.081,1085.122,1082.519,1076.353,1086.081,0.9,stable,three_modes_latest_20260723_plus_formal_small_token,torch_profiler_kernel_external_id_or_existing_mode_parser,
h20,ordinary_generation,generation,4,on,288,3,1190.946;1193.888;1194.145,1193.888,1192.993,1190.946,1194.145,0.27,stable,three_modes_latest_20260723_plus_formal_small_token,torch_profiler_kernel_external_id_or_existing_mode_parser,
h20,ordinary_generation,generation,4,on,512,3,1508.386;1518.369;1521.316,1518.369,1516.024,1508.386,1521.316,0.85,stable,three_modes_latest_20260723_plus_formal_small_token,torch_profiler_kernel_external_id_or_existing_mode_parser,
h20,ordinary_generation,generation,4,on,896,3,1668.251;1671.777;1672.411,1671.777,1670.813,1668.251,1672.411,0.25,stable,three_modes_latest_20260723_plus_formal_small_token,torch_profiler_kernel_external_id_or_existing_mode_parser,
h20,ordinary_generation,generation,4,on,1024,3,1807.426;1808.739;1808.833,1808.739,1808.333,1807.426,1808.833,0.08,stable,three_modes_latest_20260723_plus_formal_small_token,torch_profiler_kernel_external_id_or_existing_mode_parser,
h20,ordinary_generation,generation,4,on,1280,3,2069.539;2071.296;2071.714,2071.296,2070.85,2069.539,2071.714,0.11,stable,three_modes_latest_20260723_plus_formal_small_token,torch_profiler_kernel_external_id_or_existing_mode_parser,
h20,ordinary_generation,generation,4,on,4096,3,4525.095;4527.526;4531.814,4527.526,4528.145,4525.095,4531.814,0.15,stable,three_modes_latest_20260723_plus_formal_small_token,torch_profiler_kernel_external_id_or_existing_mode_parser,
h20,ordinary_generation,generation,4,on,8192,3,5167.445;5171.059;5172.821,5171.059,5170.442,5167.445,5172.821,0.1,stable,three_modes_latest_20260723_plus_formal_small_token,torch_profiler_kernel_external_id_or_existing_mode_parser,
h20,ordinary_generation,generation,4,on,16384,3,5274.358;5281.111;5281.910,5281.111,5279.126,5274.358,5281.91,0.14,stable,three_modes_latest_20260723_plus_formal_small_token,torch_profiler_kernel_external_id_or_existing_mode_parser,
h20,ordinary_generation,generation,8,off,1,5,117.419;118.220;126.933;132.640;135.404,126.93333333333334,126.12306666666667,117.419,135.40366666666665,14.259617326145984,minor_jitter,ordinary_generation_small_token_truth_20260724_formal,kernel_external_id_local_generation_scope,
h20,ordinary_generation,generation,8,off,2,3,154.624;156.854;180.938,156.85433333333333,164.13899999999998,154.62433333333334,180.93833333333333,16.031534248411404,minor_jitter,ordinary_generation_small_token_truth_20260724_formal,kernel_external_id_local_generation_scope,
h20,ordinary_generation,generation,8,off,4,5,217.002;217.793;218.870;219.136;222.816,218.86966666666663,219.1234,217.00233333333333,222.8163333333333,2.653299465050284,stable_cluster_selected,ordinary_generation_small_token_truth_20260724_formal,kernel_external_id_local_generation_scope,
h20,ordinary_generation,generation,8,off,8,3,308.286;311.071;311.903,311.071,310.42,308.286,311.903,1.16,stable,three_modes_latest_20260723_plus_formal_small_token,torch_profiler_kernel_external_id_or_existing_mode_parser,
h20,ordinary_generation,generation,8,off,16,5,360.567;361.024;369.718;370.742;377.441,369.718,367.8984,360.56666666666666,377.4413333333333,4.586773594738834,stable_cluster_selected,ordinary_generation_small_token_truth_20260724_formal,kernel_external_id_local_generation_scope,
h20,ordinary_generation,generation,8,off,32,3,447.680;450.784;452.191,450.784,450.218,447.68,452.191,1.0,stable,three_modes_latest_20260723_plus_formal_small_token,torch_profiler_kernel_external_id_or_existing_mode_parser,
h20,ordinary_generation,generation,8,off,40,3,449.087;450.527;451.455,450.527,450.356,449.087,451.455,0.53,stable,three_modes_latest_20260723_plus_formal_small_token,torch_profiler_kernel_external_id_or_existing_mode_parser,
h20,ordinary_generation,generation,8,off,64,3,537.280;537.920;539.904,537.92,538.368,537.28,539.904,0.49,stable,three_modes_latest_20260723_plus_formal_small_token,torch_profiler_kernel_external_id_or_existing_mode_parser,
h20,ordinary_generation,generation,8,off,128,3,628.893;631.424;631.519,631.424,630.612,628.893,631.519,0.42,stable,three_modes_latest_20260723_plus_formal_small_token,torch_profiler_kernel_external_id_or_existing_mode_parser,
h20,ordinary_generation,generation,8,off,288,3,725.246;728.702;745.566,728.702,733.171,725.246,745.566,2.79,stable,three_modes_latest_20260723_plus_formal_small_token,torch_profiler_kernel_external_id_or_existing_mode_parser,
h20,ordinary_generation,generation,8,off,512,3,828.673;829.408;829.505,829.408,829.195,828.673,829.505,0.1,stable,three_modes_latest_20260723_plus_formal_small_token,torch_profiler_kernel_external_id_or_existing_mode_parser,
h20,ordinary_generation,generation,8,off,896,3,1048.549;1048.740;1049.060,1048.74,1048.783,1048.549,1049.06,0.05,stable,three_modes_latest_20260723_plus_formal_small_token,torch_profiler_kernel_external_id_or_existing_mode_parser,
h20,ordinary_generation,generation,8,off,1024,3,1078.174;1078.498;1078.850,1078.498,1078.507,1078.174,1078.85,0.06,stable,three_modes_latest_20260723_plus_formal_small_token,torch_profiler_kernel_external_id_or_existing_mode_parser,
h20,ordinary_generation,generation,8,off,1280,3,1325.822;1328.157;1329.055,1328.157,1327.678,1325.822,1329.055,0.24,stable,three_modes_latest_20260723_plus_formal_small_token,torch_profiler_kernel_external_id_or_existing_mode_parser,
h20,ordinary_generation,generation,8,off,4096,3,2868.932;2871.230;2875.268,2871.23,2871.81,2868.932,2875.268,0.22,stable,three_modes_latest_20260723_plus_formal_small_token,torch_profiler_kernel_external_id_or_existing_mode_parser,
h20,ordinary_generation,generation,8,off,8192,3,3245.031;3266.565;3275.174,3266.565,3262.257,3245.031,3275.174,0.92,stable,three_modes_latest_20260723_plus_formal_small_token,torch_profiler_kernel_external_id_or_existing_mode_parser,
h20,ordinary_generation,generation,8,off,16384,3,3373.914;3376.282;3379.834,3376.282,3376.677,3373.914,3379.834,0.18,stable,three_modes_latest_20260723_plus_formal_small_token,torch_profiler_kernel_external_id_or_existing_mode_parser,
h20,ordinary_generation,generation,8,on,1,6,124.544;125.387;133.355;136.939;139.637;141.622,135.147,133.58055555555555,124.54433333333334,141.62166666666667,12.78429578489883,minor_jitter,ordinary_generation_small_token_truth_20260724_formal,kernel_external_id_local_generation_scope,
h20,ordinary_generation,generation,8,on,2,3,161.964;163.564;186.807,163.56366666666665,170.778,161.96366666666663,186.80666666666667,14.546955696869649,minor_jitter,ordinary_generation_small_token_truth_20260724_formal,kernel_external_id_local_generation_scope,
h20,ordinary_generation,generation,8,on,4,6,223.509;225.515;226.240;227.733;228.246;228.758,226.98666666666668,226.6668888888889,223.50933333333333,228.758,2.3155859651118043,stable,ordinary_generation_small_token_truth_20260724_formal,kernel_external_id_local_generation_scope,
h20,ordinary_generation,generation,8,on,8,3,317.567;318.238;320.161,318.238,318.655,317.567,320.161,0.82,stable,three_modes_latest_20260723_plus_formal_small_token,torch_profiler_kernel_external_id_or_existing_mode_parser,
h20,ordinary_generation,generation,8,on,16,5,368.182;369.068;376.875;378.017;380.866,376.87466666666666,374.60153333333335,368.18233333333336,380.8656666666667,3.385819919227952,stable_cluster_selected,ordinary_generation_small_token_truth_20260724_formal,kernel_external_id_local_generation_scope,
h20,ordinary_generation,generation,8,on,32,3,458.943;460.576;461.983,460.576,460.501,458.943,461.983,0.66,stable,three_modes_latest_20260723_plus_formal_small_token,torch_profiler_kernel_external_id_or_existing_mode_parser,
h20,ordinary_generation,generation,8,on,40,3,459.581;459.967;460.479,459.967,460.009,459.581,460.479,0.2,stable,three_modes_latest_20260723_plus_formal_small_token,torch_profiler_kernel_external_id_or_existing_mode_parser,
h20,ordinary_generation,generation,8,on,64,3,546.401;546.657;546.721,546.657,546.593,546.401,546.721,0.06,stable,three_modes_latest_20260723_plus_formal_small_token,torch_profiler_kernel_external_id_or_existing_mode_parser,
h20,ordinary_generation,generation,8,on,128,3,620.703;624.285;644.735,624.285,629.908,620.703,644.735,3.85,stable,three_modes_latest_20260723_plus_formal_small_token,torch_profiler_kernel_external_id_or_existing_mode_parser,
h20,ordinary_generation,generation,8,on,288,3,738.302;738.943;741.438,738.943,739.561,738.302,741.438,0.42,stable,three_modes_latest_20260723_plus_formal_small_token,torch_profiler_kernel_external_id_or_existing_mode_parser,
h20,ordinary_generation,generation,8,on,512,3,838.306;838.593;839.424,838.593,838.774,838.306,839.424,0.13,stable,three_modes_latest_20260723_plus_formal_small_token,torch_profiler_kernel_external_id_or_existing_mode_parser,
h20,ordinary_generation,generation,8,on,896,3,1063.076;1064.548;1064.964,1064.548,1064.196,1063.076,1064.964,0.18,stable,three_modes_latest_20260723_plus_formal_small_token,torch_profiler_kernel_external_id_or_existing_mode_parser,
h20,ordinary_generation,generation,8,on,1024,3,1090.654;1092.706;1093.886,1092.706,1092.415,1090.654,1093.886,0.3,stable,three_modes_latest_20260723_plus_formal_small_token,torch_profiler_kernel_external_id_or_existing_mode_parser,
h20,ordinary_generation,generation,8,on,1280,3,1338.589;1339.932;1341.245,1339.932,1339.922,1338.589,1341.245,0.2,stable,three_modes_latest_20260723_plus_formal_small_token,torch_profiler_kernel_external_id_or_existing_mode_parser,
h20,ordinary_generation,generation,8,on,4096,3,2891.075;2891.587;2892.613,2891.587,2891.758,2891.075,2892.613,0.05,stable,three_modes_latest_20260723_plus_formal_small_token,torch_profiler_kernel_external_id_or_existing_mode_parser,
h20,ordinary_generation,generation,8,on,8192,3,3255.430;3287.847;3294.281,3287.847,3279.186,3255.43,3294.281,1.18,stable,three_modes_latest_20260723_plus_formal_small_token,torch_profiler_kernel_external_id_or_existing_mode_parser,
h20,ordinary_generation,generation,8,on,16384,3,3378.876;3381.084;3391.227,3381.084,3383.729,3378.876,3391.227,0.37,stable,three_modes_latest_20260723_plus_formal_small_token,torch_profiler_kernel_external_id_or_existing_mode_parser,
h20,wideep_context,context,2,off,4,3,771.521;775.200;775.520,775.2,774.08,771.521,775.52,0.52,stable,three_modes_latest_20260723_plus_formal_small_token,torch_profiler_kernel_external_id_or_existing_mode_parser,
h20,wideep_context,context,2,off,8,3,1472.801;1473.153;1480.577,1473.153,1475.51,1472.801,1480.577,0.53,stable,three_modes_latest_20260723_plus_formal_small_token,torch_profiler_kernel_external_id_or_existing_mode_parser,
h20,wideep_context,context,2,off,16,3,1984.297;1987.207;1987.974,1987.207,1986.4926666666668,1984.297,1987.974,0.1850335672126712,stable,aic_covered_context_truth_supplement_20260725,torch_profiler_kernel_external_id_or_existing_mode_parser,AIC-covered truth supplement; wideep_generation token40 excluded because nsys event-node parser produced no valid truth.
h20,wideep_context,context,2,off,32,3,3287.777;3302.764;3304.837,3302.764,3298.459,3287.777,3304.837,0.52,stable,three_modes_latest_20260723_plus_formal_small_token,torch_profiler_kernel_external_id_or_existing_mode_parser,
h20,wideep_context,context,2,off,64,3,4180.995;4182.660;4204.387,4182.66,4189.347,4180.995,4204.387,0.56,stable,three_modes_latest_20260723_plus_formal_small_token,torch_profiler_kernel_external_id_or_existing_mode_parser,
h20,wideep_context,context,2,off,128,3,4993.555;4998.675;4999.093,4998.675,4997.108,4993.555,4999.093,0.11,stable,three_modes_latest_20260723_plus_formal_small_token,torch_profiler_kernel_external_id_or_existing_mode_parser,
h20,wideep_context,context,2,off,512,3,5445.092;5447.733;5451.043,5447.733,5447.956,5445.092,5451.043,0.11,stable,three_modes_latest_20260723_plus_formal_small_token,torch_profiler_kernel_external_id_or_existing_mode_parser,
h20,wideep_context,context,2,off,640,3,5549.351;5549.477;5550.819,5549.477,5549.882,5549.351,5550.819,0.03,stable,three_modes_latest_20260723_plus_formal_small_token,torch_profiler_kernel_external_id_or_existing_mode_parser,
h20,wideep_context,context,2,off,896,3,5571.909;5575.240;5578.469,5575.24,5575.206,5571.909,5578.469,0.12,stable,three_modes_latest_20260723_plus_formal_small_token,torch_profiler_kernel_external_id_or_existing_mode_parser,
h20,wideep_context,context,2,off,1536,3,5835.126;5839.065;5845.174,5839.065,5839.788,5835.126,5845.174,0.17,stable,three_modes_latest_20260723_plus_formal_small_token,torch_profiler_kernel_external_id_or_existing_mode_parser,
h20,wideep_context,context,2,off,2048,3,6051.867;6055.701;6057.974,6055.701,6055.181,6051.867,6057.974,0.1,stable,three_modes_latest_20260723_plus_formal_small_token,torch_profiler_kernel_external_id_or_existing_mode_parser,
h20,wideep_context,context,2,off,2560,3,6597.833;6631.595;6639.939,6631.595,6623.122333333333,6597.833,6639.939,0.6349302090975198,stable,aic_covered_context_truth_supplement_20260725,torch_profiler_kernel_external_id_or_existing_mode_parser,AIC-covered truth supplement; wideep_generation token40 excluded because nsys event-node parser produced no valid truth.
h20,wideep_context,context,2,off,4096,3,8526.568;8552.225;8561.280,8552.225,8546.691,8526.568,8561.28,0.41,stable,three_modes_latest_20260723_plus_formal_small_token,torch_profiler_kernel_external_id_or_existing_mode_parser,
h20,wideep_context,context,2,off,5120,3,9931.948;9936.582;9949.606,9936.582,9939.379,9931.948,9949.606,0.18,stable,three_modes_latest_20260723_plus_formal_small_token,torch_profiler_kernel_external_id_or_existing_mode_parser,
h20,wideep_context,context,2,off,8192,3,14064.591;14075.886;14076.415,14075.886,14072.297,14064.591,14076.415,0.08,stable,three_modes_latest_20260723_plus_formal_small_token,torch_profiler_kernel_external_id_or_existing_mode_parser,
h20,wideep_context,context,2,off,10240,3,16498.236;16510.761;16516.845,16510.761000000002,16508.614,16498.236,16516.845,0.1127083118700608,stable,aic_covered_context_truth_supplement_20260725,torch_profiler_kernel_external_id_or_existing_mode_parser,AIC-covered truth supplement; wideep_generation token40 excluded because nsys event-node parser produced no valid truth.
h20,wideep_context,context,2,off,12288,3,19372.207;19397.111;19423.626,19397.111,19397.648,19372.207,19423.626,0.27,stable,three_modes_latest_20260723_plus_formal_small_token,torch_profiler_kernel_external_id_or_existing_mode_parser,
h20,wideep_context,context,2,off,14336,3,22055.093;22063.237;22083.977,22063.237,22067.435666666668,22055.093,22083.977,0.1309146069545379,stable,aic_covered_context_truth_supplement_20260725,torch_profiler_kernel_external_id_or_existing_mode_parser,AIC-covered truth supplement; wideep_generation token40 excluded because nsys event-node parser produced no valid truth.
h20,wideep_context,context,2,off,16384,3,25056.519;25083.796;25167.367,25083.796,25102.561,25056.519,25167.367,0.44,stable,three_modes_latest_20260723_plus_formal_small_token,torch_profiler_kernel_external_id_or_existing_mode_parser,
h20,wideep_context,context,2,on,4,3,771.041;771.937;772.192,771.937,771.723,771.041,772.192,0.15,stable,three_modes_latest_20260723_plus_formal_small_token,torch_profiler_kernel_external_id_or_existing_mode_parser,
h20,wideep_context,context,2,on,8,3,1476.673;1479.041;1479.553,1479.041,1478.422,1476.673,1479.553,0.19,stable,three_modes_latest_20260723_plus_formal_small_token,torch_profiler_kernel_external_id_or_existing_mode_parser,
h20,wideep_context,context,2,on,16,3,1980.265;1981.928;1988.233,1981.928,1983.4753333333333,1980.265,1988.233,0.402032768092476,stable,aic_covered_context_truth_supplement_20260725,torch_profiler_kernel_external_id_or_existing_mode_parser,AIC-covered truth supplement; wideep_generation token40 excluded because nsys event-node parser produced no valid truth.
h20,wideep_context,context,2,on,32,3,3298.380;3300.812;3306.501,3300.812,3301.898,3298.38,3306.501,0.25,stable,three_modes_latest_20260723_plus_formal_small_token,torch_profiler_kernel_external_id_or_existing_mode_parser,
h20,wideep_context,context,2,on,64,3,4181.989;4199.973;4202.374,4199.973,4194.779,4181.989,4202.374,0.49,stable,three_modes_latest_20260723_plus_formal_small_token,torch_profiler_kernel_external_id_or_existing_mode_parser,
h20,wideep_context,context,2,on,128,3,4977.811;4979.191;4998.453,4979.191,4985.152,4977.811,4998.453,0.41,stable,three_modes_latest_20260723_plus_formal_small_token,torch_profiler_kernel_external_id_or_existing_mode_parser,
h20,wideep_context,context,2,on,512,3,5445.942;5446.867;5448.856,5446.867,5447.222,5445.942,5448.856,0.05,stable,three_modes_latest_20260723_plus_formal_small_token,torch_profiler_kernel_external_id_or_existing_mode_parser,
h20,wideep_context,context,2,on,640,3,5543.175;5562.119;5568.777,5562.119,5558.024,5543.175,5568.777,0.46,stable,three_modes_latest_20260723_plus_formal_small_token,torch_profiler_kernel_external_id_or_existing_mode_parser,
h20,wideep_context,context,2,on,896,3,5552.519;5578.054;5578.150,5578.054,5569.574,5552.519,5578.15,0.46,stable,three_modes_latest_20260723_plus_formal_small_token,torch_profiler_kernel_external_id_or_existing_mode_parser,
h20,wideep_context,context,2,on,1536,3,5830.457;5834.199;5839.611,5834.199,5834.756,5830.457,5839.611,0.16,stable,three_modes_latest_20260723_plus_formal_small_token,torch_profiler_kernel_external_id_or_existing_mode_parser,
h20,wideep_context,context,2,on,2048,3,6024.760;6026.969;6027.421,6026.969,6026.383,6024.76,6027.421,0.04,stable,three_modes_latest_20260723_plus_formal_small_token,torch_profiler_kernel_external_id_or_existing_mode_parser,
h20,wideep_context,context,2,on,2560,3,6595.271;6595.785;6622.956,6595.785,6604.670666666668,6595.271,6622.956,0.4197377567643639,stable,aic_covered_context_truth_supplement_20260725,torch_profiler_kernel_external_id_or_existing_mode_parser,AIC-covered truth supplement; wideep_generation token40 excluded because nsys event-node parser produced no valid truth.
h20,wideep_context,context,2,on,4096,3,8528.389;8577.194;8586.083,8577.194,8563.889,8528.389,8586.083,0.67,stable,three_modes_latest_20260723_plus_formal_small_token,torch_profiler_kernel_external_id_or_existing_mode_parser,
h20,wideep_context,context,2,on,5120,3,9922.639;9942.122;9971.466,9942.122,9945.409,9922.639,9971.466,0.49,stable,three_modes_latest_20260723_plus_formal_small_token,torch_profiler_kernel_external_id_or_existing_mode_parser,
h20,wideep_context,context,2,on,8192,3,14064.976;14097.244;14108.572,14097.244,14090.264,14064.976,14108.572,0.31,stable,three_modes_latest_20260723_plus_formal_small_token,torch_profiler_kernel_external_id_or_existing_mode_parser,
h20,wideep_context,context,2,on,10240,3,16497.679;16497.889;16502.087,16497.889,16499.218333333334,16497.679,16502.087,0.0267185698727846,stable,aic_covered_context_truth_supplement_20260725,torch_profiler_kernel_external_id_or_existing_mode_parser,AIC-covered truth supplement; wideep_generation token40 excluded because nsys event-node parser produced no valid truth.
h20,wideep_context,context,2,on,12288,3,19373.333;19450.273;19480.596,19450.273,19434.734,19373.333,19480.596,0.55,stable,three_modes_latest_20260723_plus_formal_small_token,torch_profiler_kernel_external_id_or_existing_mode_parser,
h20,wideep_context,context,2,on,14336,3,22069.546;22072.640;22117.340,22072.64,22086.508666666665,22069.546,22117.34,0.2165305101700643,stable,aic_covered_context_truth_supplement_20260725,torch_profiler_kernel_external_id_or_existing_mode_parser,AIC-covered truth supplement; wideep_generation token40 excluded because nsys event-node parser produced no valid truth.
h20,wideep_context,context,2,on,16384,3,25056.975;25077.789;25134.670,25077.789,25089.811,25056.975,25134.67,0.31,stable,three_modes_latest_20260723_plus_formal_small_token,torch_profiler_kernel_external_id_or_existing_mode_parser,
h20,wideep_context,context,4,off,4,3,520.000;520.320;520.706,520.32,520.342,520.0,520.706,0.14,stable,three_modes_latest_20260723_plus_formal_small_token,torch_profiler_kernel_external_id_or_existing_mode_parser,
h20,wideep_context,context,4,off,8,3,901.441;901.825;904.352,901.825,902.539,901.441,904.352,0.32,stable,three_modes_latest_20260723_plus_formal_small_token,torch_profiler_kernel_external_id_or_existing_mode_parser,
h20,wideep_context,context,4,off,16,3,1190.436;1191.076;1200.417,1191.076,1193.9763333333333,1190.436,1200.417,0.837981791254294,stable,aic_covered_context_truth_supplement_20260725,torch_profiler_kernel_external_id_or_existing_mode_parser,AIC-covered truth supplement; wideep_generation token40 excluded because nsys event-node parser produced no valid truth.
h20,wideep_context,context,4,off,32,3,1947.651;1948.738;1958.850,1948.738,1951.746,1947.651,1958.85,0.57,stable,three_modes_latest_20260723_plus_formal_small_token,torch_profiler_kernel_external_id_or_existing_mode_parser,
h20,wideep_context,context,4,off,64,3,2247.913;2248.778;2249.480,2248.778,2248.724,2247.913,2249.48,0.07,stable,three_modes_latest_20260723_plus_formal_small_token,torch_profiler_kernel_external_id_or_existing_mode_parser,
h20,wideep_context,context,4,off,128,3,2588.644;2595.009;2596.036,2595.009,2593.23,2588.644,2596.036,0.28,stable,three_modes_latest_20260723_plus_formal_small_token,torch_profiler_kernel_external_id_or_existing_mode_parser,
h20,wideep_context,context,4,off,512,3,2848.963;2857.370;2857.827,2857.37,2854.72,2848.963,2857.827,0.31,stable,three_modes_latest_20260723_plus_formal_small_token,torch_profiler_kernel_external_id_or_existing_mode_parser,
h20,wideep_context,context,4,off,640,3,2848.226;2855.948;2858.403,2855.948,2854.192,2848.226,2858.403,0.36,stable,three_modes_latest_20260723_plus_formal_small_token,torch_profiler_kernel_external_id_or_existing_mode_parser,
h20,wideep_context,context,4,off,896,3,2854.787;2854.978;2857.251,2854.978,2855.672,2854.787,2857.251,0.09,stable,three_modes_latest_20260723_plus_formal_small_token,torch_profiler_kernel_external_id_or_existing_mode_parser,
h20,wideep_context,context,4,off,1536,3,3108.758;3128.930;3142.786,3128.93,3126.825,3108.758,3142.786,1.09,stable,three_modes_latest_20260723_plus_formal_small_token,torch_profiler_kernel_external_id_or_existing_mode_parser,
h20,wideep_context,context,4,off,2048,3,3179.319;3194.744;3196.120,3194.744,3190.061,3179.319,3196.12,0.53,stable,three_modes_latest_20260723_plus_formal_small_token,torch_profiler_kernel_external_id_or_existing_mode_parser,
h20,wideep_context,context,4,off,2560,3,3470.950;3472.964;3484.484,3472.9640000000004,3476.132666666667,3470.95,3484.484,0.3896959484751383,stable,aic_covered_context_truth_supplement_20260725,torch_profiler_kernel_external_id_or_existing_mode_parser,AIC-covered truth supplement; wideep_generation token40 excluded because nsys event-node parser produced no valid truth.
h20,wideep_context,context,4,off,4096,3,4535.013;4541.510;4542.148,4541.51,4539.557,4535.013,4542.148,0.16,stable,three_modes_latest_20260723_plus_formal_small_token,torch_profiler_kernel_external_id_or_existing_mode_parser,
h20,wideep_context,context,4,off,5120,3,5532.520;5532.936;5555.654,5532.936,5540.37,5532.52,5555.654,0.42,stable,three_modes_latest_20260723_plus_formal_small_token,torch_profiler_kernel_external_id_or_existing_mode_parser,
h20,wideep_context,context,4,off,8192,3,7692.331;7693.256;7709.643,7693.256,7698.41,7692.331,7709.643,0.23,stable,three_modes_latest_20260723_plus_formal_small_token,torch_profiler_kernel_external_id_or_existing_mode_parser,
h20,wideep_context,context,4,off,10240,3,9281.764;9302.278;9313.294,9302.278,9299.112,9281.764,9313.294,0.3389492337253375,stable,aic_covered_context_truth_supplement_20260725,torch_profiler_kernel_external_id_or_existing_mode_parser,AIC-covered truth supplement; wideep_generation token40 excluded because nsys event-node parser produced no valid truth.
h20,wideep_context,context,4,off,12288,3,10793.968;10800.043;10857.358,10800.043,10817.123,10793.968,10857.358,0.59,stable,three_modes_latest_20260723_plus_formal_small_token,torch_profiler_kernel_external_id_or_existing_mode_parser,
h20,wideep_context,context,4,off,14336,3,12315.410;12378.255;12385.937,12378.255,12359.867333333334,12315.41,12385.937,0.5697652859793246,stable,aic_covered_context_truth_supplement_20260725,torch_profiler_kernel_external_id_or_existing_mode_parser,AIC-covered truth supplement; wideep_generation token40 excluded because nsys event-node parser produced no valid truth.
h20,wideep_context,context,4,off,16384,3,13977.684;13980.824;13999.889,13980.824,13986.132,13977.684,13999.889,0.16,stable,three_modes_latest_20260723_plus_formal_small_token,torch_profiler_kernel_external_id_or_existing_mode_parser,
h20,wideep_context,context,4,on,4,3,519.265;520.256;520.350,520.256,519.957,519.265,520.35,0.21,stable,three_modes_latest_20260723_plus_formal_small_token,torch_profiler_kernel_external_id_or_existing_mode_parser,
h20,wideep_context,context,4,on,8,3,899.039;901.346;904.257,901.346,901.547,899.039,904.257,0.58,stable,three_modes_latest_20260723_plus_formal_small_token,torch_profiler_kernel_external_id_or_existing_mode_parser,
h20,wideep_context,context,4,on,16,3,1190.085;1190.565;1201.410,1190.565,1194.0200000000002,1190.085,1201.41,0.9512290383137456,stable,aic_covered_context_truth_supplement_20260725,torch_profiler_kernel_external_id_or_existing_mode_parser,AIC-covered truth supplement; wideep_generation token40 excluded because nsys event-node parser produced no valid truth.
h20,wideep_context,context,4,on,32,3,1948.480;1949.826;1956.739,1949.826,1951.682,1948.48,1956.739,0.42,stable,three_modes_latest_20260723_plus_formal_small_token,torch_profiler_kernel_external_id_or_existing_mode_parser,
h20,wideep_context,context,4,on,64,3,2237.098;2246.694;2247.010,2246.694,2243.601,2237.098,2247.01,0.44,stable,three_modes_latest_20260723_plus_formal_small_token,torch_profiler_kernel_external_id_or_existing_mode_parser,
h20,wideep_context,context,4,on,128,3,2583.619;2594.979;2596.897,2594.979,2591.832,2583.619,2596.897,0.51,stable,three_modes_latest_20260723_plus_formal_small_token,torch_profiler_kernel_external_id_or_existing_mode_parser,
h20,wideep_context,context,4,on,512,3,2848.313;2856.024;2856.378,2856.024,2853.572,2848.313,2856.378,0.28,stable,three_modes_latest_20260723_plus_formal_small_token,torch_profiler_kernel_external_id_or_existing_mode_parser,
h20,wideep_context,context,4,on,640,3,2851.010;2857.153;2857.690,2857.153,2855.284,2851.01,2857.69,0.23,stable,three_modes_latest_20260723_plus_formal_small_token,torch_profiler_kernel_external_id_or_existing_mode_parser,
h20,wideep_context,context,4,on,896,3,2853.282;2855.770;2857.049,2855.77,2855.367,2853.282,2857.049,0.13,stable,three_modes_latest_20260723_plus_formal_small_token,torch_profiler_kernel_external_id_or_existing_mode_parser,
h20,wideep_context,context,4,on,1536,3,3129.697;3130.116;3144.153,3130.116,3134.655,3129.697,3144.153,0.46,stable,three_modes_latest_20260723_plus_formal_small_token,torch_profiler_kernel_external_id_or_existing_mode_parser,
h20,wideep_context,context,4,on,2048,3,3197.208;3206.073;3206.552,3206.073,3203.278,3197.208,3206.552,0.29,stable,three_modes_latest_20260723_plus_formal_small_token,torch_profiler_kernel_external_id_or_existing_mode_parser,
h20,wideep_context,context,4,on,2560,3,3475.940;3486.469;3510.886,3486.469,3491.0983333333334,3475.94,3510.886,1.0023321589837717,stable,aic_covered_context_truth_supplement_20260725,torch_profiler_kernel_external_id_or_existing_mode_parser,AIC-covered truth supplement; wideep_generation token40 excluded because nsys event-node parser produced no valid truth.
h20,wideep_context,context,4,on,4096,3,4541.108;4541.408;4544.005,4541.408,4542.174,4541.108,4544.005,0.06,stable,three_modes_latest_20260723_plus_formal_small_token,torch_profiler_kernel_external_id_or_existing_mode_parser,
h20,wideep_context,context,4,on,5120,3,5529.000;5560.452;5562.984,5560.452,5550.812,5529.0,5562.984,0.61,stable,three_modes_latest_20260723_plus_formal_small_token,torch_profiler_kernel_external_id_or_existing_mode_parser,
h20,wideep_context,context,4,on,8192,3,7659.941;7710.506;7712.297,7710.506,7694.248,7659.941,7712.297,0.68,stable,three_modes_latest_20260723_plus_formal_small_token,torch_profiler_kernel_external_id_or_existing_mode_parser,
h20,wideep_context,context,4,on,10240,3,9282.599;9304.584;9308.164,9304.584,9298.449,9282.599,9308.164,0.2747570444847454,stable,aic_covered_context_truth_supplement_20260725,torch_profiler_kernel_external_id_or_existing_mode_parser,AIC-covered truth supplement; wideep_generation token40 excluded because nsys event-node parser produced no valid truth.
h20,wideep_context,context,4,on,12288,3,10795.212;10797.766;10806.864,10797.766,10799.947,10795.212,10806.864,0.11,stable,three_modes_latest_20260723_plus_formal_small_token,torch_profiler_kernel_external_id_or_existing_mode_parser,
h20,wideep_context,context,4,on,14336,3,12317.104;12322.351;12331.635,12322.351,12323.696666666669,12317.104,12331.635,0.1179239253937893,stable,aic_covered_context_truth_supplement_20260725,torch_profiler_kernel_external_id_or_existing_mode_parser,AIC-covered truth supplement; wideep_generation token40 excluded because nsys event-node parser produced no valid truth.
h20,wideep_context,context,4,on,16384,3,13922.933;13930.327;13991.219,13930.327,13948.16,13922.933,13991.219,0.49,stable,three_modes_latest_20260723_plus_formal_small_token,torch_profiler_kernel_external_id_or_existing_mode_parser,
h20,wideep_context,context,8,off,4,3,328.832;329.248;329.314,329.248,329.131,328.832,329.314,0.15,stable,three_modes_latest_20260723_plus_formal_small_token,torch_profiler_kernel_external_id_or_existing_mode_parser,
h20,wideep_context,context,8,off,8,3,460.512;461.152;461.664,461.152,461.109,460.512,461.664,0.25,stable,three_modes_latest_20260723_plus_formal_small_token,torch_profiler_kernel_external_id_or_existing_mode_parser,
h20,wideep_context,context,8,off,16,3,664.225;664.643;664.897,664.643,664.5883333333333,664.225,664.8969999999999,0.1011069100253687,stable,aic_covered_context_truth_supplement_20260725,torch_profiler_kernel_external_id_or_existing_mode_parser,AIC-covered truth supplement; wideep_generation token40 excluded because nsys event-node parser produced no valid truth.
h20,wideep_context,context,8,off,32,3,1187.076;1189.153;1190.212,1189.153,1188.814,1187.076,1190.212,0.26,stable,three_modes_latest_20260723_plus_formal_small_token,torch_profiler_kernel_external_id_or_existing_mode_parser,
h20,wideep_context,context,8,off,64,3,1350.978;1355.137;1356.322,1355.137,1354.146,1350.978,1356.322,0.39,stable,three_modes_latest_20260723_plus_formal_small_token,torch_profiler_kernel_external_id_or_existing_mode_parser,
h20,wideep_context,context,8,off,128,3,1373.637;1378.882;1379.746,1378.882,1377.422,1373.637,1379.746,0.44,stable,three_modes_latest_20260723_plus_formal_small_token,torch_profiler_kernel_external_id_or_existing_mode_parser,
h20,wideep_context,context,8,off,512,3,1487.265;1495.709;1501.020,1495.709,1494.665,1487.265,1501.02,0.92,stable,three_modes_latest_20260723_plus_formal_small_token,torch_profiler_kernel_external_id_or_existing_mode_parser,
h20,wideep_context,context,8,off,640,3,1508.835;1509.058;1509.731,1509.058,1509.208,1508.835,1509.731,0.06,stable,three_modes_latest_20260723_plus_formal_small_token,torch_profiler_kernel_external_id_or_existing_mode_parser,
h20,wideep_context,context,8,off,896,3,1509.347;1511.169;1515.491,1511.169,1512.002,1509.347,1515.491,0.41,stable,three_modes_latest_20260723_plus_formal_small_token,torch_profiler_kernel_external_id_or_existing_mode_parser,
h20,wideep_context,context,8,off,1536,3,1666.018;1667.203;1668.611,1667.203,1667.277,1666.018,1668.611,0.16,stable,three_modes_latest_20260723_plus_formal_small_token,torch_profiler_kernel_external_id_or_existing_mode_parser,
h20,wideep_context,context,8,off,2048,3,1672.643;1676.417;1676.869,1676.417,1675.31,1672.643,1676.869,0.25,stable,three_modes_latest_20260723_plus_formal_small_token,torch_profiler_kernel_external_id_or_existing_mode_parser,
h20,wideep_context,context,8,off,2560,3,1830.819;1832.194;1838.116,1832.194,1833.7096666666664,1830.819,1838.116,0.3982656858389464,stable,aic_covered_context_truth_supplement_20260725,torch_profiler_kernel_external_id_or_existing_mode_parser,AIC-covered truth supplement; wideep_generation token40 excluded because nsys event-node parser produced no valid truth.
h20,wideep_context,context,8,off,4096,3,2397.093;2408.134;2419.655,2408.134,2408.294,2397.093,2419.655,0.94,stable,three_modes_latest_20260723_plus_formal_small_token,torch_profiler_kernel_external_id_or_existing_mode_parser,
h20,wideep_context,context,8,off,5120,3,2851.683;2859.622;2878.919,2859.622,2863.408,2851.683,2878.919,0.95,stable,three_modes_latest_20260723_plus_formal_small_token,torch_profiler_kernel_external_id_or_existing_mode_parser,
h20,wideep_context,context,8,off,8192,3,4091.748;4097.222;4108.198,4097.222,4099.056,4091.748,4108.198,0.4,stable,three_modes_latest_20260723_plus_formal_small_token,torch_profiler_kernel_external_id_or_existing_mode_parser,
h20,wideep_context,context,8,off,10240,3,4836.646;4842.662;4867.321,4842.662,4848.876333333334,4836.646,4867.321,0.633432603803449,stable,aic_covered_context_truth_supplement_20260725,torch_profiler_kernel_external_id_or_existing_mode_parser,AIC-covered truth supplement; wideep_generation token40 excluded because nsys event-node parser produced no valid truth.
h20,wideep_context,context,8,off,12288,3,5826.218;5918.566;5938.441,5918.566,5894.408,5826.218,5938.441,1.9,stable,three_modes_latest_20260723_plus_formal_small_token,torch_profiler_kernel_external_id_or_existing_mode_parser,
h20,wideep_context,context,8,off,14336,3,6478.220;6490.216;6492.745,6490.216,6487.060333333334,6478.219999999999,6492.745000000001,0.2237984067094447,stable,aic_covered_context_truth_supplement_20260725,torch_profiler_kernel_external_id_or_existing_mode_parser,AIC-covered truth supplement; wideep_generation token40 excluded because nsys event-node parser produced no valid truth.
h20,wideep_context,context,8,off,16384,3,7412.397;7425.036;7485.767,7425.036,7441.067,7412.397,7485.767,0.99,stable,three_modes_latest_20260723_plus_formal_small_token,torch_profiler_kernel_external_id_or_existing_mode_parser,
h20,wideep_context,context,8,on,4,3,329.185;329.218;329.282,329.218,329.228,329.185,329.282,0.03,stable,three_modes_latest_20260723_plus_formal_small_token,torch_profiler_kernel_external_id_or_existing_mode_parser,
h20,wideep_context,context,8,on,8,3,459.329;460.608;461.696,460.608,460.544,459.329,461.696,0.51,stable,three_modes_latest_20260723_plus_formal_small_token,torch_profiler_kernel_external_id_or_existing_mode_parser,
h20,wideep_context,context,8,on,16,3,663.810;664.129;664.288,664.129,664.0756666666667,663.8100000000001,664.288,0.0719739689126588,stable,aic_covered_context_truth_supplement_20260725,torch_profiler_kernel_external_id_or_existing_mode_parser,AIC-covered truth supplement; wideep_generation token40 excluded because nsys event-node parser produced no valid truth.
h20,wideep_context,context,8,on,32,3,1188.738;1189.890;1190.369,1189.89,1189.666,1188.738,1190.369,0.14,stable,three_modes_latest_20260723_plus_formal_small_token,torch_profiler_kernel_external_id_or_existing_mode_parser,
h20,wideep_context,context,8,on,64,3,1350.658;1354.690;1354.850,1354.69,1353.399,1350.658,1354.85,0.31,stable,three_modes_latest_20260723_plus_formal_small_token,torch_profiler_kernel_external_id_or_existing_mode_parser,
h20,wideep_context,context,8,on,128,3,1377.346;1378.370;1378.754,1378.37,1378.157,1377.346,1378.754,0.1,stable,three_modes_latest_20260723_plus_formal_small_token,torch_profiler_kernel_external_id_or_existing_mode_parser,
h20,wideep_context,context,8,on,512,3,1489.437;1490.525;1490.557,1490.525,1490.173,1489.437,1490.557,0.08,stable,three_modes_latest_20260723_plus_formal_small_token,torch_profiler_kernel_external_id_or_existing_mode_parser,
h20,wideep_context,context,8,on,640,3,1508.227;1508.323;1508.706,1508.323,1508.419,1508.227,1508.706,0.03,stable,three_modes_latest_20260723_plus_formal_small_token,torch_profiler_kernel_external_id_or_existing_mode_parser,
h20,wideep_context,context,8,on,896,3,1509.729;1510.435;1517.122,1510.435,1512.429,1509.729,1517.122,0.49,stable,three_modes_latest_20260723_plus_formal_small_token,torch_profiler_kernel_external_id_or_existing_mode_parser,
h20,wideep_context,context,8,on,1536,3,1661.442;1666.690;1667.682,1666.69,1665.271,1661.442,1667.682,0.37,stable,three_modes_latest_20260723_plus_formal_small_token,torch_profiler_kernel_external_id_or_existing_mode_parser,
h20,wideep_context,context,8,on,2048,3,1670.594;1675.491;1676.802,1675.491,1674.296,1670.594,1676.802,0.37,stable,three_modes_latest_20260723_plus_formal_small_token,torch_profiler_kernel_external_id_or_existing_mode_parser,
h20,wideep_context,context,8,on,2560,3,1831.331;1837.027;1838.883,1837.027,1835.747,1831.331,1838.883,0.4110990203192514,stable,aic_covered_context_truth_supplement_20260725,torch_profiler_kernel_external_id_or_existing_mode_parser,AIC-covered truth supplement; wideep_generation token40 excluded because nsys event-node parser produced no valid truth.
h20,wideep_context,context,8,on,4096,3,2396.998;2404.167;2420.966,2404.167,2407.377,2396.998,2420.966,1.0,stable,three_modes_latest_20260723_plus_formal_small_token,torch_profiler_kernel_external_id_or_existing_mode_parser,
h20,wideep_context,context,8,on,5120,3,2862.341;2862.883;2879.271,2862.883,2868.165,2862.341,2879.271,0.59,stable,three_modes_latest_20260723_plus_formal_small_token,torch_profiler_kernel_external_id_or_existing_mode_parser,
h20,wideep_context,context,8,on,8192,3,4089.669;4095.238;4100.840,4095.238,4095.249,4089.669,4100.84,0.27,stable,three_modes_latest_20260723_plus_formal_small_token,torch_profiler_kernel_external_id_or_existing_mode_parser,
h20,wideep_context,context,8,on,10240,3,4833.032;4852.024;4861.014,4852.024,4848.69,4833.032,4861.014,0.5767077821544158,stable,aic_covered_context_truth_supplement_20260725,torch_profiler_kernel_external_id_or_existing_mode_parser,AIC-covered truth supplement; wideep_generation token40 excluded because nsys event-node parser produced no valid truth.
h20,wideep_context,context,8,on,12288,3,5830.730;5872.617;5879.436,5872.617,5860.928,5830.73,5879.436,0.83,stable,three_modes_latest_20260723_plus_formal_small_token,torch_profiler_kernel_external_id_or_existing_mode_parser,
h20,wideep_context,context,8,on,14336,3,6464.212;6464.299;6478.249,6464.298999999999,6468.919999999999,6464.212,6478.249,0.2171465150358817,stable,aic_covered_context_truth_supplement_20260725,torch_profiler_kernel_external_id_or_existing_mode_parser,AIC-covered truth supplement; wideep_generation token40 excluded because nsys event-node parser produced no valid truth.
h20,wideep_context,context,8,on,16384,3,7442.700;7448.494;7514.220,7448.494,7468.471,7442.7,7514.22,0.96,stable,three_modes_latest_20260723_plus_formal_small_token,torch_profiler_kernel_external_id_or_existing_mode_parser,
h20,wideep_generation,generation,2,off,4,3,281.361;282.065;281.906,281.906,281.777,281.361,282.065,0.25,stable,wideep_generation_nsys_parser_v2_full_review_20260723,nsys_cuda_graph_semantic_routed_compute_parser_v2,WideEP generation uses nsys parser v2; not old torch-profiler truth.
h20,wideep_generation,generation,2,off,8,3,397.362;394.210;395.490,395.49,395.687,394.21,397.362,0.8,stable,wideep_generation_nsys_parser_v2_full_review_20260723,nsys_cuda_graph_semantic_routed_compute_parser_v2,WideEP generation uses nsys parser v2; not old torch-profiler truth.
h20,wideep_generation,generation,2,off,32,3,988.180;988.133;986.820,988.133,987.711,986.82,988.18,0.14,stable,wideep_generation_nsys_parser_v2_full_review_20260723,nsys_cuda_graph_semantic_routed_compute_parser_v2,WideEP generation uses nsys parser v2; not old torch-profiler truth.
h20,wideep_generation,generation,2,off,64,3,1449.318;1447.287;1443.205,1447.287,1446.603,1443.205,1449.318,0.42,stable,wideep_generation_nsys_parser_v2_full_review_20260723,nsys_cuda_graph_semantic_routed_compute_parser_v2,WideEP generation uses nsys parser v2; not old torch-profiler truth.
h20,wideep_generation,generation,2,off,128,3,1864.904;1870.697;1865.048,1865.048,1866.883,1864.904,1870.697,0.31,stable,wideep_generation_nsys_parser_v2_full_review_20260723,nsys_cuda_graph_semantic_routed_compute_parser_v2,WideEP generation uses nsys parser v2; not old torch-profiler truth.
h20,wideep_generation,generation,2,off,288,3,2321.755;2328.745;2333.098,2328.745,2327.866,2321.755,2333.098,0.49,stable,wideep_generation_nsys_parser_v2_full_review_20260723,nsys_cuda_graph_semantic_routed_compute_parser_v2,WideEP generation uses nsys parser v2; not old torch-profiler truth.
h20,wideep_generation,generation,2,off,512,3,2493.340;2493.035;2487.226,2493.035,2491.2,2487.226,2493.34,0.25,stable,wideep_generation_nsys_parser_v2_full_review_20260723,nsys_cuda_graph_semantic_routed_compute_parser_v2,WideEP generation uses nsys parser v2; not old torch-profiler truth.
h20,wideep_generation,generation,2,off,896,3,2633.372;2633.707;2643.164,2633.707,2636.748,2633.372,2643.164,0.37,stable,wideep_generation_nsys_parser_v2_full_review_20260723,nsys_cuda_graph_semantic_routed_compute_parser_v2,WideEP generation uses nsys parser v2; not old torch-profiler truth.
h20,wideep_generation,generation,2,off,1024,3,2726.524;2718.491;2749.900,2726.524,2731.638,2718.491,2749.9,1.15,stable,wideep_generation_nsys_parser_v2_full_review_20260723,nsys_cuda_graph_semantic_routed_compute_parser_v2,WideEP generation uses nsys parser v2; not old torch-profiler truth.
h20,wideep_generation,generation,2,off,1280,3,2837.434;2831.884;2850.621,2837.434,2839.98,2831.884,2850.621,0.66,stable,wideep_generation_nsys_parser_v2_full_review_20260723,nsys_cuda_graph_semantic_routed_compute_parser_v2,WideEP generation uses nsys parser v2; not old torch-profiler truth.
h20,wideep_generation,generation,2,on,4,3,282.849;283.201;282.097,282.849,282.716,282.097,283.201,0.39,stable,wideep_generation_nsys_parser_v2_full_review_20260723,nsys_cuda_graph_semantic_routed_compute_parser_v2,WideEP generation uses nsys parser v2; not old torch-profiler truth.
h20,wideep_generation,generation,2,on,8,3,396.977;398.082;395.922,396.977,396.994,395.922,398.082,0.54,stable,wideep_generation_nsys_parser_v2_full_review_20260723,nsys_cuda_graph_semantic_routed_compute_parser_v2,WideEP generation uses nsys parser v2; not old torch-profiler truth.
h20,wideep_generation,generation,2,on,32,3,993.476;995.893;991.077,993.476,993.482,991.077,995.893,0.48,stable,wideep_generation_nsys_parser_v2_full_review_20260723,nsys_cuda_graph_semantic_routed_compute_parser_v2,WideEP generation uses nsys parser v2; not old torch-profiler truth.
h20,wideep_generation,generation,2,on,64,3,1453.031;1449.046;1446.422,1449.046,1449.5,1446.422,1453.031,0.46,stable,wideep_generation_nsys_parser_v2_full_review_20260723,nsys_cuda_graph_semantic_routed_compute_parser_v2,WideEP generation uses nsys parser v2; not old torch-profiler truth.
h20,wideep_generation,generation,2,on,128,3,1871.400;1865.752;1869.943,1869.943,1869.032,1865.752,1871.4,0.3,stable,wideep_generation_nsys_parser_v2_full_review_20260723,nsys_cuda_graph_semantic_routed_compute_parser_v2,WideEP generation uses nsys parser v2; not old torch-profiler truth.
h20,wideep_generation,generation,2,on,288,3,2326.331;2330.154;2324.905,2326.331,2327.13,2324.905,2330.154,0.23,stable,wideep_generation_nsys_parser_v2_full_review_20260723,nsys_cuda_graph_semantic_routed_compute_parser_v2,WideEP generation uses nsys parser v2; not old torch-profiler truth.
h20,wideep_generation,generation,2,on,512,3,2494.154;2492.346;2496.298,2494.154,2494.266,2492.346,2496.298,0.16,stable,wideep_generation_nsys_parser_v2_full_review_20260723,nsys_cuda_graph_semantic_routed_compute_parser_v2,WideEP generation uses nsys parser v2; not old torch-profiler truth.
h20,wideep_generation,generation,2,on,896,3,2660.290;2651.682;2653.067,2653.067,2655.013,2651.682,2660.29,0.32,stable,wideep_generation_nsys_parser_v2_full_review_20260723,nsys_cuda_graph_semantic_routed_compute_parser_v2,WideEP generation uses nsys parser v2; not old torch-profiler truth.
h20,wideep_generation,generation,2,on,1024,3,2715.676;2721.994;2724.157,2721.994,2720.609,2715.676,2724.157,0.31,stable,wideep_generation_nsys_parser_v2_full_review_20260723,nsys_cuda_graph_semantic_routed_compute_parser_v2,WideEP generation uses nsys parser v2; not old torch-profiler truth.
h20,wideep_generation,generation,2,on,1280,3,2830.892;2829.243;2860.733,2830.892,2840.289,2829.243,2860.733,1.11,stable,wideep_generation_nsys_parser_v2_full_review_20260723,nsys_cuda_graph_semantic_routed_compute_parser_v2,WideEP generation uses nsys parser v2; not old torch-profiler truth.
h20,wideep_generation,generation,4,off,4,3,122.800;122.784;122.433,122.784,122.672,122.433,122.8,0.3,stable,wideep_generation_nsys_parser_v2_full_review_20260723,nsys_cuda_graph_semantic_routed_compute_parser_v2,WideEP generation uses nsys parser v2; not old torch-profiler truth.
h20,wideep_generation,generation,4,off,8,3,163.153;163.632;163.681,163.632,163.489,163.153,163.681,0.32,stable,wideep_generation_nsys_parser_v2_full_review_20260723,nsys_cuda_graph_semantic_routed_compute_parser_v2,WideEP generation uses nsys parser v2; not old torch-profiler truth.
h20,wideep_generation,generation,4,off,32,3,316.289;316.273;316.273,316.273,316.278,316.273,316.289,0.01,stable,wideep_generation_nsys_parser_v2_full_review_20260723,nsys_cuda_graph_semantic_routed_compute_parser_v2,WideEP generation uses nsys parser v2; not old torch-profiler truth.
h20,wideep_generation,generation,4,off,64,3,497.090;496.882;497.122,497.09,497.031,496.882,497.122,0.05,stable,wideep_generation_nsys_parser_v2_full_review_20260723,nsys_cuda_graph_semantic_routed_compute_parser_v2,WideEP generation uses nsys parser v2; not old torch-profiler truth.
h20,wideep_generation,generation,4,off,128,3,703.971;705.219;706.003,705.219,705.064,703.971,706.003,0.29,stable,wideep_generation_nsys_parser_v2_full_review_20260723,nsys_cuda_graph_semantic_routed_compute_parser_v2,WideEP generation uses nsys parser v2; not old torch-profiler truth.
h20,wideep_generation,generation,4,off,288,3,989.686;990.261;993.253,990.261,991.067,989.686,993.253,0.36,stable,wideep_generation_nsys_parser_v2_full_review_20260723,nsys_cuda_graph_semantic_routed_compute_parser_v2,WideEP generation uses nsys parser v2; not old torch-profiler truth.
h20,wideep_generation,generation,4,off,512,3,1150.966;1158.678;1158.358,1158.358,1156.001,1150.966,1158.678,0.67,stable,wideep_generation_nsys_parser_v2_full_review_20260723,nsys_cuda_graph_semantic_routed_compute_parser_v2,WideEP generation uses nsys parser v2; not old torch-profiler truth.
h20,wideep_generation,generation,4,off,896,3,1236.726;1236.950;1233.366,1236.726,1235.681,1233.366,1236.95,0.29,stable,wideep_generation_nsys_parser_v2_full_review_20260723,nsys_cuda_graph_semantic_routed_compute_parser_v2,WideEP generation uses nsys parser v2; not old torch-profiler truth.
h20,wideep_generation,generation,4,off,1024,3,1266.870;1272.310;1270.726,1270.726,1269.969,1266.87,1272.31,0.43,stable,wideep_generation_nsys_parser_v2_full_review_20260723,nsys_cuda_graph_semantic_routed_compute_parser_v2,WideEP generation uses nsys parser v2; not old torch-profiler truth.
h20,wideep_generation,generation,4,off,1280,3,1275.942;1278.950;1276.214,1276.214,1277.035,1275.942,1278.95,0.24,stable,wideep_generation_nsys_parser_v2_full_review_20260723,nsys_cuda_graph_semantic_routed_compute_parser_v2,WideEP generation uses nsys parser v2; not old torch-profiler truth.
h20,wideep_generation,generation,4,on,4,3,122.817;122.897;122.465,122.817,122.726,122.465,122.897,0.35,stable,wideep_generation_nsys_parser_v2_full_review_20260723,nsys_cuda_graph_semantic_routed_compute_parser_v2,WideEP generation uses nsys parser v2; not old torch-profiler truth.
h20,wideep_generation,generation,4,on,8,3,163.153;163.409;163.201,163.201,163.254,163.153,163.409,0.16,stable,wideep_generation_nsys_parser_v2_full_review_20260723,nsys_cuda_graph_semantic_routed_compute_parser_v2,WideEP generation uses nsys parser v2; not old torch-profiler truth.
h20,wideep_generation,generation,4,on,32,3,316.498;318.162;316.690,316.69,317.117,316.498,318.162,0.53,stable,wideep_generation_nsys_parser_v2_full_review_20260723,nsys_cuda_graph_semantic_routed_compute_parser_v2,WideEP generation uses nsys parser v2; not old torch-profiler truth.
h20,wideep_generation,generation,4,on,64,3,495.954;496.914;495.955,495.955,496.274,495.954,496.914,0.19,stable,wideep_generation_nsys_parser_v2_full_review_20260723,nsys_cuda_graph_semantic_routed_compute_parser_v2,WideEP generation uses nsys parser v2; not old torch-profiler truth.
h20,wideep_generation,generation,4,on,128,3,707.747;705.363;706.628,706.628,706.579,705.363,707.747,0.34,stable,wideep_generation_nsys_parser_v2_full_review_20260723,nsys_cuda_graph_semantic_routed_compute_parser_v2,WideEP generation uses nsys parser v2; not old torch-profiler truth.
h20,wideep_generation,generation,4,on,288,3,986.707;986.902;984.773,986.707,986.127,984.773,986.902,0.22,stable,wideep_generation_nsys_parser_v2_full_review_20260723,nsys_cuda_graph_semantic_routed_compute_parser_v2,WideEP generation uses nsys parser v2; not old torch-profiler truth.
h20,wideep_generation,generation,4,on,512,3,1212.686;1215.028;1209.783,1212.686,1212.499,1209.783,1215.028,0.43,stable,wideep_generation_nsys_parser_v2_full_review_20260723,nsys_cuda_graph_semantic_routed_compute_parser_v2,WideEP generation uses nsys parser v2; not old torch-profiler truth.
h20,wideep_generation,generation,4,on,896,3,1239.190;1236.614;1237.926,1237.926,1237.91,1236.614,1239.19,0.21,stable,wideep_generation_nsys_parser_v2_full_review_20260723,nsys_cuda_graph_semantic_routed_compute_parser_v2,WideEP generation uses nsys parser v2; not old torch-profiler truth.
h20,wideep_generation,generation,4,on,1024,3,1270.438;1272.341;1270.102,1270.438,1270.96,1270.102,1272.341,0.18,stable,wideep_generation_nsys_parser_v2_full_review_20260723,nsys_cuda_graph_semantic_routed_compute_parser_v2,WideEP generation uses nsys parser v2; not old torch-profiler truth.
h20,wideep_generation,generation,4,on,1280,3,1275.318;1277.606;1276.565,1276.565,1276.496,1275.318,1277.606,0.18,stable,wideep_generation_nsys_parser_v2_full_review_20260723,nsys_cuda_graph_semantic_routed_compute_parser_v2,WideEP generation uses nsys parser v2; not old torch-profiler truth.
h20,wideep_generation,generation,8,off,8,3,39.552;39.296;39.392,39.392,39.413,39.296,39.552,0.65,stable,wideep_generation_nsys_parser_v2_full_review_20260723,nsys_cuda_graph_semantic_routed_compute_parser_v2,WideEP generation uses nsys parser v2; not old torch-profiler truth.
h20,wideep_generation,generation,8,off,32,3,39.216;39.505;39.456,39.456,39.392,39.216,39.505,0.73,stable,wideep_generation_nsys_parser_v2_full_review_20260723,nsys_cuda_graph_semantic_routed_compute_parser_v2,WideEP generation uses nsys parser v2; not old torch-profiler truth.
h20,wideep_generation,generation,8,off,40,3,72.704;72.672;72.768,72.704,72.715,72.672,72.768,0.13,stable,wideep_generation_nsys_parser_v2_full_review_20260723,nsys_cuda_graph_semantic_routed_compute_parser_v2,WideEP generation uses nsys parser v2; not old torch-profiler truth.
h20,wideep_generation,generation,8,off,64,3,115.153;114.544;114.513,114.544,114.737,114.513,115.153,0.56,stable,wideep_generation_nsys_parser_v2_full_review_20260723,nsys_cuda_graph_semantic_routed_compute_parser_v2,WideEP generation uses nsys parser v2; not old torch-profiler truth.
h20,wideep_generation,generation,8,off,128,3,222.145;222.529;223.008,222.529,222.561,222.145,223.008,0.39,stable,wideep_generation_nsys_parser_v2_full_review_20260723,nsys_cuda_graph_semantic_routed_compute_parser_v2,WideEP generation uses nsys parser v2; not old torch-profiler truth.
h20,wideep_generation,generation,8,off,512,3,488.739;490.322;489.138,489.138,489.4,488.739,490.322,0.32,stable,wideep_generation_nsys_parser_v2_full_review_20260723,nsys_cuda_graph_semantic_routed_compute_parser_v2,WideEP generation uses nsys parser v2; not old torch-profiler truth.
h20,wideep_generation,generation,8,off,896,3,588.450;585.458;586.195,586.195,586.701,585.458,588.45,0.51,stable,wideep_generation_nsys_parser_v2_full_review_20260723,nsys_cuda_graph_semantic_routed_compute_parser_v2,WideEP generation uses nsys parser v2; not old torch-profiler truth.
h20,wideep_generation,generation,8,off,1024,3,625.475;626.851;626.818,626.818,626.381,625.475,626.851,0.22,stable,wideep_generation_nsys_parser_v2_full_review_20260723,nsys_cuda_graph_semantic_routed_compute_parser_v2,WideEP generation uses nsys parser v2; not old torch-profiler truth.
h20,wideep_generation,generation,8,off,1280,3,659.235;660.483;658.851,659.235,659.523,658.851,660.483,0.25,stable,wideep_generation_nsys_parser_v2_full_review_20260723,nsys_cuda_graph_semantic_routed_compute_parser_v2,WideEP generation uses nsys parser v2; not old torch-profiler truth.
h20,wideep_generation,generation,8,on,8,3,39.377;39.408;39.360,39.377,39.382,39.36,39.408,0.12,stable,wideep_generation_nsys_parser_v2_full_review_20260723,nsys_cuda_graph_semantic_routed_compute_parser_v2,WideEP generation uses nsys parser v2; not old torch-profiler truth.
h20,wideep_generation,generation,8,on,32,3,39.648;39.569;39.360,39.569,39.526,39.36,39.648,0.73,stable,wideep_generation_nsys_parser_v2_full_review_20260723,nsys_cuda_graph_semantic_routed_compute_parser_v2,WideEP generation uses nsys parser v2; not old torch-profiler truth.
h20,wideep_generation,generation,8,on,40,3,72.593;72.529;72.592,72.592,72.571,72.529,72.593,0.09,stable,wideep_generation_nsys_parser_v2_full_review_20260723,nsys_cuda_graph_semantic_routed_compute_parser_v2,WideEP generation uses nsys parser v2; not old torch-profiler truth.
h20,wideep_generation,generation,8,on,64,3,114.641;114.560;114.257,114.56,114.486,114.257,114.641,0.34,stable,wideep_generation_nsys_parser_v2_full_review_20260723,nsys_cuda_graph_semantic_routed_compute_parser_v2,WideEP generation uses nsys parser v2; not old torch-profiler truth.
h20,wideep_generation,generation,8,on,128,3,222.737;222.241;221.809,222.241,222.262,221.809,222.737,0.42,stable,wideep_generation_nsys_parser_v2_full_review_20260723,nsys_cuda_graph_semantic_routed_compute_parser_v2,WideEP generation uses nsys parser v2; not old torch-profiler truth.
h20,wideep_generation,generation,8,on,512,3,489.330;489.010;493.474,489.33,490.605,489.01,493.474,0.91,stable,wideep_generation_nsys_parser_v2_full_review_20260723,nsys_cuda_graph_semantic_routed_compute_parser_v2,WideEP generation uses nsys parser v2; not old torch-profiler truth.
h20,wideep_generation,generation,8,on,896,3,588.771;590.227;590.434,590.227,589.811,588.771,590.434,0.28,stable,wideep_generation_nsys_parser_v2_full_review_20260723,nsys_cuda_graph_semantic_routed_compute_parser_v2,WideEP generation uses nsys parser v2; not old torch-profiler truth.
h20,wideep_generation,generation,8,on,1024,3,630.611;631.251;630.450,630.611,630.771,630.45,631.251,0.13,stable,wideep_generation_nsys_parser_v2_full_review_20260723,nsys_cuda_graph_semantic_routed_compute_parser_v2,WideEP generation uses nsys parser v2; not old torch-profiler truth.
h20,wideep_generation,generation,8,on,1280,3,665.027;664.210;664.643,664.643,664.627,664.21,665.027,0.12,stable,wideep_generation_nsys_parser_v2_full_review_20260723,nsys_cuda_graph_semantic_routed_compute_parser_v2,WideEP generation uses nsys parser v2; not old torch-profiler truth.
